District_Type;Municipality_Name;Area_Code;Population_Total;Pop_Age_0_15;Pop_Age_15_25;Pop_Age_25_45;Pop_Age_45_65;Pop_Age_65_Plus;Avg_Household_Size;Avg_Property_Value_1000EUR;Pct_Unoccupied_Homes;Pct_Owner_Occupied;Pct_Rental;Higher_Education_Count;Avg_Income_Per_Income_Recipient_1000EUR;Avg_Income_Per_Inhabitant_1000EUR;Avg_Std_Household_Income_1000EUR;Pct_Lowest_40Pct_Income;Pct_Highest_20Pct_Income;Pct_Low_Income_Households;Pct_Below_120Pct_Social_Min;Urbanization_Level
Amsterdam;Amsterdam;GM0363;872757;125119;108636;317667;210376;110959;1,8;416.0;6.0;29.0;70.0;338970.0;39,7;32,4;33,1;50,7;17,6;11,8;19,6;1.0
Burgwallen-Oude Zijde;Amsterdam;WK036300;4465;220;695;2190;940;425;1,4;469.0;19.0;18.0;80.0;2540.0;36,2;32,8;28,4;61,6;11;13,2;18,1;1.0
Kop Zeedijk;Amsterdam;BU03630000;1100;50;125;575;275;75;1,4;423.0;21.0;20.0;78.0;670.0;40,7;37;31,6;54,7;12,1;12,3;14,9;1.0
Oude Kerk e.o.;Amsterdam;BU03630001;730;30;130;370;130;70;1,3;440.0;22.0;12.0;86.0;290.0;34,7;31,5;26,6;68,5;9,5;16,4;23;1.0
Burgwallen Oost;Amsterdam;BU03630002;1615;90;255;780;310;175;1,4;466.0;15.0;17.0;83.0;890.0;32,4;29,2;26,3;63,8;9,3;13,9;20,1;1.0
Nes e.o.;Amsterdam;BU03630003;350;20;55;180;70;25;1,4;580.0;29.0;29.0;70.0;230.0;40,7;37,1;33,5;50,2;18,6;8,9;9,4;1.0
BG-terrein e.o.;Amsterdam;BU03630004;675;35;125;285;145;75;1,4;532.0;15.0;21.0;78.0;440.0;37,6;33,8;27,6;64,7;11;11,8;17,6;1.0
Burgwallen-Nieuwe Zijde;Amsterdam;WK036301;4130;195;615;2215;780;330;1,4;482.0;19.0;21.0;78.0;2340.0;41,6;38;33;55;14,3;10,5;15;1.0
Stationsplein e.o.;Amsterdam;BU03630100;0;0;0;0;0;0;1;;;;;;41,6;38;33;55;14,3;10,5;15;1.0
Hemelrijk;Amsterdam;BU03630101;575;25;85;315;115;40;1,4;441.0;16.0;28.0;70.0;330.0;42,4;39,3;33,1;53,4;13,7;9,4;12,7;1.0
Nieuwendijk Noord;Amsterdam;BU03630102;460;15;80;255;95;20;1,4;472.0;22.0;17.0;82.0;230.0;39,2;35,8;31,1;62,4;13,1;13,4;16;1.0
Spuistraat Noord;Amsterdam;BU03630103;825;35;110;450;160;70;1,4;489.0;16.0;27.0;72.0;420.0;40,6;37,1;33,6;52,8;15,4;9,9;14;1.0
Nieuwe Kerk e.o.;Amsterdam;BU03630104;820;50;130;460;135;45;1,5;458.0;17.0;23.0;76.0;450.0;40;36;33,2;52,9;14,8;8,4;11,8;1.0
Spuistraat Zuid;Amsterdam;BU03630105;725;40;90;370;155;65;1,4;471.0;21.0;16.0;84.0;440.0;46,3;41,6;35,4;53,5;14,8;13;18,8;1.0
Begijnhofbuurt;Amsterdam;BU03630106;415;10;50;205;80;70;1,3;500.0;21.0;11.0;88.0;290.0;36,3;34,5;27,6;64,6;8;10,9;20,7;1.0
Kalverdriehoek;Amsterdam;BU03630107;310;10;70;165;45;20;1,4;616.0;27.0;24.0;76.0;160.0;47,4;43,1;35,3;47,1;21,1;9;10,8;1.0
Grachtengordel-West;Amsterdam;WK036302;6435;465;870;2265;1745;1100;1,6;814.0;22.0;44.0;55.0;3240.0;73,5;62,6;62,8;38,9;30,7;7,8;10;1.0
Langestraat e.o.;Amsterdam;BU03630200;1870;170;195;595;510;390;1,6;811.0;19.0;50.0;48.0;1040.0;63,8;53,6;54,3;37,1;30,3;7,7;10;1.0
Leliegracht e.o.;Amsterdam;BU03630201;1825;125;360;625;440;270;1,5;811.0;22.0;40.0;59.0;1050.0;75,9;64,3;68,8;38,8;32,1;6,9;9,2;1.0
Felix Meritisbuurt;Amsterdam;BU03630202;2055;125;220;790;605;315;1,5;787.0;24.0;42.0;57.0;1410.0;79;68,4;67;40,1;28,6;8,3;10,8;1.0
Leidsegracht Noord;Amsterdam;BU03630203;685;45;85;255;185;120;1,6;919.0;20.0;43.0;56.0;130.0;77,4;66,3;58,1;40,2;34,7;8,5;9,3;1.0
Grachtengordel-Zuid;Amsterdam;WK036303;5435;460;720;2090;1365;800;1,6;818.0;24.0;39.0;60.0;3190.0;75,1;62,9;63;41;28,4;8,3;10;1.0
Spiegelbuurt;Amsterdam;BU03630300;820;85;80;355;195;105;1,6;823.0;29.0;42.0;56.0;470.0;67,5;55,5;57,3;34,8;31,4;9,2;9,4;1.0
Gouden Bocht;Amsterdam;BU03630301;145;15;25;50;35;25;1,6;1054.0;27.0;41.0;57.0;50.0;82,6;66,8;63;41;28,4;8,3;10;1.0
Van Loonbuurt;Amsterdam;BU03630302;1415;115;190;460;390;255;1,6;936.0;20.0;47.0;53.0;830.0;68,3;56,8;61,1;39,9;29;6,3;8,2;1.0
Amstelveldbuurt;Amsterdam;BU03630303;1515;150;205;460;445;250;1,7;828.0;20.0;45.0;54.0;910.0;75,1;62,9;86,6;41,9;31,4;8,3;10,4;1.0
Rembrandtpleinbuurt;Amsterdam;BU03630304;490;25;55;290;85;40;1,4;590.0;25.0;26.0;73.0;330.0;57,1;51,3;42,6;43,4;20,4;8,9;10,6;1.0
Reguliersbuurt;Amsterdam;BU03630305;390;20;90;225;50;10;1,5;524.0;29.0;13.0;86.0;;36,9;33;31,8;54,7;13,5;15,3;16,3;1.0
Leidsegracht Zuid;Amsterdam;BU03630306;660;45;75;245;175;115;1,6;832.0;26.0;33.0;65.0;400.0;61,2;51,7;57,4;38,9;31,9;6,8;8,6;1.0
Nieuwmarkt/Lastage;Amsterdam;WK036304;9710;760;1095;3315;2755;1780;1,5;492.0;11.0;30.0;70.0;5250.0;44,5;38,8;35,2;52,3;17,5;10,8;18,3;1.0
Oosterdokseiland;Amsterdam;BU03630400;480;60;25;210;125;50;1,7;658.0;13.0;46.0;53.0;270.0;70,2;57,7;59,1;33,3;33,3;6,4;8,8;1.0
Scheepvaarthuisbuurt;Amsterdam;BU03630401;740;55;125;290;165;105;1,6;634.0;16.0;36.0;63.0;420.0;43,1;37,5;35,7;48,9;21,6;7,2;9,2;1.0
Rapenburg;Amsterdam;BU03630402;1005;100;210;370;240;90;1,6;;13.0;25.0;74.0;530.0;42,9;35,5;34,5;50,7;18,5;9,2;15;1.0
Lastage;Amsterdam;BU03630403;1090;85;120;415;310;165;1,5;480.0;12.0;35.0;65.0;710.0;45,9;40,2;35,2;49,5;19;9,9;14,9;1.0
Nieuwmarkt;Amsterdam;BU03630404;1605;120;135;410;520;420;1,5;428.0;6.0;17.0;83.0;690.0;34,2;30,1;28,3;63,6;11,6;15,9;28;1.0
Uilenburg;Amsterdam;BU03630405;1225;80;115;460;365;200;1,5;489.0;10.0;36.0;64.0;690.0;51,8;45,8;39,5;46,4;21,2;10,2;16,2;1.0
Valkenburg;Amsterdam;BU03630406;1200;100;115;380;330;270;1,5;454.0;10.0;43.0;56.0;670.0;45,7;39,8;34,6;50,3;17,9;7,4;17,3;1.0
Zuiderkerkbuurt;Amsterdam;BU03630407;1495;80;150;480;475;320;1,4;522.0;14.0;22.0;78.0;780.0;42,7;38,6;34;54,8;15,3;12,7;21,5;1.0
Waterloopleinbuurt;Amsterdam;BU03630408;865;70;100;290;240;165;1,4;472.0;10.0;28.0;72.0;460.0;41,6;36,6;33,3;54,7;12,7;10,5;18,3;1.0
Haarlemmerbuurt;Amsterdam;WK036305;9275;930;815;3130;2775;1625;1,6;524.0;10.0;30.0;70.0;4760.0;44,7;38,3;36,6;49,4;20,1;11,4;19,3;1.0
Westerdokseiland;Amsterdam;BU03630500;1880;255;135;550;565;375;1,9;691.0;7.0;43.0;57.0;910.0;55,1;45,6;45,5;31,7;32,4;7,1;14,6;1.0
Haarlemmerbuurt Oost;Amsterdam;BU03630501;1490;110;160;545;425;245;1,5;517.0;15.0;25.0;75.0;860.0;42,4;36,9;34,8;51,7;17;9,6;16,9;1.0
Haarlemmerbuurt West;Amsterdam;BU03630502;2465;230;240;860;725;420;1,6;484.0;11.0;25.0;74.0;1030.0;42,7;36,7;36,4;53,2;18,5;13,3;21,3;1.0
Westelijke eilanden;Amsterdam;BU03630503;2930;305;250;930;920;525;1,6;512.0;8.0;34.0;66.0;1650.0;42,7;36,3;34,5;51,2;18,8;11,9;20,1;1.0
Planciusbuurt Noord;Amsterdam;BU03630505;350;25;20;190;85;35;1,4;331.0;4.0;10.0;90.0;210.0;35,9;32,7;27,5;63,9;8,3;14,7;22,8;1.0
Planciusbuurt Zuid;Amsterdam;BU03630506;165;10;10;65;55;30;1,4;327.0;15.0;1.0;99.0;80.0;37,6;34,6;28,7;74,4;6,6;22,3;34,8;1.0
Jordaan;Amsterdam;WK036306;19400;1515;1890;7335;5395;3270;1,5;468.0;11.0;27.0;73.0;11040.0;43,8;38,7;36,4;54,2;16,1;12,4;20,1;1.0
Driehoekbuurt;Amsterdam;BU03630600;2735;210;240;1145;730;415;1,5;424.0;10.0;27.0;72.0;1700.0;44;39;35;54,7;15,5;14;21,2;1.0
Bloemgrachtbuurt;Amsterdam;BU03630602;2945;275;305;1080;795;490;1,6;535.0;14.0;33.0;66.0;1760.0;48,7;41,6;45,1;47,9;19,8;9,4;16,1;1.0
Marnixbuurt Noord;Amsterdam;BU03630603;1430;120;135;520;410;240;1,6;389.0;11.0;16.0;83.0;700.0;36,2;31,8;29,2;59,9;13,1;13,7;23,7;1.0
Zaagpoortbuurt;Amsterdam;BU03630604;965;50;125;515;205;75;1,3;302.0;7.0;15.0;84.0;500.0;33,6;30,7;25,6;69,4;6,8;18,1;27,3;1.0
Marnixbuurt Midden;Amsterdam;BU03630605;195;15;20;120;30;10;1,6;505.0;16.0;44.0;56.0;130.0;43,6;39;42,3;42,4;20,3;7,5;11,2;1.0
Elandsgrachtbuurt;Amsterdam;BU03630606;4325;350;420;1630;1200;740;1,5;478.0;12.0;25.0;75.0;2490.0;45,2;39,8;39,2;54,3;16,8;12,3;21;1.0
Passeerdersgrachtbuurt;Amsterdam;BU03630607;860;50;80;315;240;170;1,4;581.0;16.0;37.0;61.0;580.0;51,3;45,6;38,6;51,2;18,5;12,5;21,1;1.0
Groenmarktkadebuurt;Amsterdam;BU03630608;245;10;45;145;30;15;1,4;453.0;16.0;32.0;68.0;130.0;47,4;43,9;44,7;44,4;18,8;3,6;5;1.0
Marnixbuurt Zuid;Amsterdam;BU03630609;675;30;30;290;135;195;1,3;427.0;10.0;15.0;85.0;380.0;44,7;41,5;33;56,8;11,8;10,4;17,1;1.0
Anjeliersbuurt Noord;Amsterdam;BU03630610;2085;185;235;645;650;370;1,6;515.0;12.0;30.0;70.0;1040.0;46;40,5;38;51;19,3;11;17,5;1.0
Anjeliersbuurt Zuid;Amsterdam;BU03630611;2935;225;260;935;970;545;1,5;471.0;9.0;27.0;73.0;1540.0;39,8;35,1;31;55,3;14,9;13,3;21,6;1.0
De Weteringschans;Amsterdam;WK036307;7295;685;870;3030;1750;955;1,6;613.0;16.0;38.0;62.0;4390.0;60,4;51,1;45,9;42,6;25;8,7;12,5;1.0
Leidsebuurt Noordwest;Amsterdam;BU03630700;260;5;40;135;60;20;1,3;507.0;19.0;38.0;61.0;200.0;42,2;39,5;33;51,9;12,3;8,4;12,3;1.0
Leidsebuurt Zuidwest;Amsterdam;BU03630701;135;5;20;65;30;15;1,4;528.0;32.0;15.0;85.0;70.0;45,5;40,8;45,9;42,6;25;8,7;12,5;1.0
Leidsebuurt Noordoost;Amsterdam;BU03630702;1010;45;205;535;155;70;1,4;519.0;21.0;27.0;72.0;550.0;46,8;41,8;37;50,2;14,9;8,9;13,6;1.0
Leidsebuurt Zuidoost;Amsterdam;BU03630703;290;35;30;110;75;40;1,5;600.0;19.0;31.0;69.0;150.0;51,4;41,9;36,4;47;20,4;10,4;15,2;1.0
Weteringbuurt;Amsterdam;BU03630704;2425;280;250;1070;545;280;1,6;567.0;15.0;40.0;60.0;1580.0;70,5;58,5;50,3;40,7;25,4;8,7;11,3;1.0
Den Texbuurt;Amsterdam;BU03630705;1080;130;115;375;275;190;1,8;779.0;11.0;43.0;56.0;610.0;60,4;48,9;45,6;39,6;32,4;7,6;12,7;1.0
Utrechtsebuurt Zuid;Amsterdam;BU03630706;1170;100;125;410;340;205;1,6;636.0;14.0;39.0;60.0;600.0;56,6;48,3;48,9;42,8;26,2;9;13,3;1.0
Frederikspleinbuurt;Amsterdam;BU03630707;925;95;85;330;275;140;1,6;725.0;13.0;44.0;55.0;570.0;65;55,2;50,8;33,4;33,8;8,1;11,7;1.0
Weesperbuurt/Plantage;Amsterdam;WK036308;7480;635;990;2745;1940;1170;1,5;543.0;13.0;35.0;65.0;4220.0;52;45,1;54,4;47,7;22,2;9,5;15;1.0
Weesperbuurt;Amsterdam;BU03630800;3105;205;480;1120;720;585;1,4;529.0;15.0;30.0;69.0;1730.0;51,7;46;54,4;52,9;19,3;10,1;17,7;1.0
Sarphatistrook;Amsterdam;BU03630801;2170;185;255;895;625;215;1,6;519.0;9.0;27.0;72.0;1210.0;50,8;43,8;39,1;48,6;21,1;11,2;16,4;1.0
de Plantage;Amsterdam;BU03630803;1805;190;225;550;510;335;1,6;598.0;12.0;48.0;52.0;1060.0;54,2;45,8;54,4;37,8;28,5;6,7;9,5;1.0
Alexanderplein e.o.;Amsterdam;BU03630804;395;55;35;180;85;35;1,6;518.0;11.0;46.0;53.0;230.0;50,6;41,5;37,4;44,3;24,5;9,1;11,1;1.0
Oostelijke Eilanden/Kadijken;Amsterdam;WK036309;13690;1450;1635;4540;3945;2115;1,6;439.0;4.0;30.0;70.0;6660.0;38,7;33,2;31,5;52,9;16,8;12,7;20,7;1.0
Marine-Etablissement;Amsterdam;BU03630900;75;10;0;30;30;10;1,7;;;;;60.0;38,7;33,2;31,5;52,9;16,8;12,7;20,7;1.0
Kattenburg;Amsterdam;BU03630901;1725;165;355;475;370;360;1,6;409.0;2.0;24.0;76.0;640.0;28,6;24,9;23,8;64,8;11,5;11,8;22,6;1.0
Wittenburg;Amsterdam;BU03630902;2560;225;215;895;860;370;1,6;403.0;3.0;30.0;70.0;1030.0;35,8;30,9;30,3;52,4;13,5;11,3;20;1.0
Oostenburg;Amsterdam;BU03630903;1730;195;175;620;515;230;1,7;420.0;3.0;29.0;71.0;930.0;38,3;32,9;31,7;51,7;17,7;15,1;24;1.0
Czaar Peterbuurt;Amsterdam;BU03630904;2395;265;265;1115;520;245;1,6;353.0;4.0;22.0;78.0;1200.0;37,2;32;29,3;57;14,7;14,9;22,3;1.0
Het Funen;Amsterdam;BU03630905;1340;275;190;335;415;130;2,1;601.0;3.0;61.0;39.0;650.0;55,3;41,4;42,2;30,9;36,9;6,3;11,8;1.0
Kazernebuurt;Amsterdam;BU03630907;955;55;130;290;280;200;1,5;463.0;5.0;24.0;75.0;570.0;37,6;34,6;30,4;55,5;13,2;14;21,9;1.0
Kadijken;Amsterdam;BU03630908;2905;260;310;790;965;585;1,6;501.0;5.0;32.0;68.0;1590.0;42,2;36,8;35,1;50,6;18,1;13;19,9;1.0
Westelijk Havengebied;Amsterdam;WK036310;105;5;15;40;25;15;1,5;;47.0;23.0;77.0;;;25,6;;;;;;4.0
Coenhaven/Mercuriushaven;Amsterdam;BU03631000;25;0;5;10;5;0;1,5;;;;;;;25,6;;;;;;2.0
Alfa-driehoek;Amsterdam;BU03631001;0;0;0;0;5;0;1;;;;;;;25,6;;;;;;5.0
Petroleumhaven;Amsterdam;BU03631002;0;0;0;0;0;0;1;;;;;;;25,6;;;;;;5.0
Westhaven Noord;Amsterdam;BU03631003;40;0;5;15;5;10;1,9;;;;;;;25,6;;;;;;5.0
Vervoerscentrum;Amsterdam;BU03631004;5;0;0;0;0;0;1;;;;;;;25,6;;;;;;5.0
Amerikahaven;Amsterdam;BU03631005;15;0;0;0;10;5;1,2;;;;;;;25,6;;;;;;5.0
Afrikahaven;Amsterdam;BU03631006;10;0;5;0;5;5;1,8;;;;;;;25,6;;;;;;5.0
Westhaven Zuid;Amsterdam;BU03631007;15;0;0;10;0;0;1,6;;;;;;;25,6;;;;;;5.0
Bedrijventerrein Sloterdijk;Amsterdam;WK036311;835;10;360;410;45;5;1,2;146.0;14.0;0.0;100.0;260.0;25,3;23,4;19,4;82,9;1,2;21,1;24;3.0
Sloterdijk II;Amsterdam;BU03631100;15;0;5;0;10;0;1,4;;;;;;25,3;23,4;19,4;82,9;1,2;21,1;24;4.0
Sloterdijk III Oost;Amsterdam;BU03631102;0;0;0;0;0;0;;;;;;;25,3;23,4;19,4;82,9;1,2;21,1;24;4.0
Sloterdijk III West;Amsterdam;BU03631103;95;0;40;30;15;0;1,2;;48.0;3.0;97.0;;25,3;23,4;19,4;82,9;1,2;21,1;24;5.0
De Heining;Amsterdam;BU03631104;30;0;0;5;10;5;2,2;;;;;;25,3;23,4;19,4;82,9;1,2;21,1;24;5.0
Teleport;Amsterdam;BU03631105;695;0;320;370;10;0;1,2;135.0;11.0;0.0;100.0;230.0;26,3;24,7;20;82,3;1;18,2;19,3;2.0
Bretten Oost;Amsterdam;BU03631107;0;0;0;0;0;0;1;;;;;;25,3;23,4;19,4;82,9;1,2;21,1;24;2.0
Bretten West;Amsterdam;BU03631109;0;0;0;0;0;0;;;;;;;25,3;23,4;19,4;82,9;1,2;21,1;24;5.0
Houthavens;Amsterdam;WK036312;2950;550;165;1185;805;245;2;683.0;17.0;54.0;45.0;2050.0;69,2;53,6;53;24,1;43,6;6,3;8,3;1.0
Houthavens West;Amsterdam;BU03631200;2280;490;120;1010;535;120;2,1;697.0;21.0;53.0;46.0;1670.0;76,5;57,4;57,9;19,1;50,6;5;6,3;1.0
Houthavens Oost;Amsterdam;BU03631201;670;60;40;170;265;130;1,6;633.0;5.0;58.0;42.0;370.0;47,3;40,9;40,2;37;25,5;9,8;13,6;1.0
Spaarndammer- en Zeeheldenbuurt;Amsterdam;WK036313;10780;1380;875;4260;2885;1380;1,7;389.0;4.0;23.0;77.0;4140.0;34,8;29,5;28,8;56,6;12,4;15,5;24,8;1.0
Zeeheldenbuurt;Amsterdam;BU03631300;2055;315;185;805;520;230;1,8;413.0;3.0;29.0;71.0;910.0;37,8;31,5;31,3;49,9;14,7;13;21,8;1.0
Spaarndammerbuurt Noordoost;Amsterdam;BU03631301;2730;320;235;960;870;345;1,6;386.0;3.0;21.0;79.0;960.0;31,5;26,8;26,4;62,1;9,6;18,8;29,2;1.0
Spaarndammerbuurt Zuidoost;Amsterdam;BU03631302;1025;120;75;400;290;140;1,6;368.0;4.0;29.0;71.0;;35,4;30,5;30,1;53,9;13,2;12,4;21,9;1.0
Spaarndammerbuurt Zuidwest;Amsterdam;BU03631303;1685;205;105;655;360;365;1,6;361.0;7.0;29.0;71.0;810.0;37,6;31,7;30;56,6;14;14,3;25,2;1.0
Spaarndammerbuurt Midden;Amsterdam;BU03631304;1300;165;110;575;330;115;1,7;375.0;3.0;24.0;76.0;370.0;35;29,5;28,6;57,7;12,3;13,7;22,9;1.0
Spaarndammerbuurt Noordwest;Amsterdam;BU03631305;1980;255;150;870;520;190;1,7;415.0;3.0;11.0;89.0;710.0;34,1;28,9;28,4;55,3;12,8;16,7;23,5;1.0
Westergasfabriek;Amsterdam;BU03631306;0;0;0;0;0;0;;;;;;;34,8;29,5;28,8;56,6;12,4;15,5;24,8;1.0
Overbraker Binnenpolder;Amsterdam;BU03631307;10;0;5;0;5;0;1,5;;;;;;34,8;29,5;28,8;56,6;12,4;15,5;24,8;2.0
Staatsliedenbuurt;Amsterdam;WK036314;13105;1460;1165;5615;3555;1310;1,6;389.0;5.0;29.0;70.0;6620.0;39;33,4;31,7;51,6;15,7;13,2;21,2;1.0
De Wittenbuurt Noord;Amsterdam;BU03631400;1365;170;120;550;365;160;1,6;415.0;9.0;23.0;76.0;650.0;41,6;34,7;32,9;54;16,7;12,9;20,6;1.0
De Wittenbuurt Zuid;Amsterdam;BU03631401;885;85;80;245;305;160;1,6;402.0;2.0;22.0;77.0;280.0;30,8;26,9;26,5;63,3;9,1;19,3;30,4;1.0
Staatsliedenbuurt Noordoost;Amsterdam;BU03631402;1215;110;90;370;345;300;1,6;352.0;3.0;19.0;81.0;460.0;30,9;27,3;26,2;63,5;9,4;14,6;30,9;1.0
Fannius Scholtenbuurt;Amsterdam;BU03631403;3690;410;320;1700;990;270;1,6;352.0;5.0;28.0;71.0;1960.0;38,4;32,9;30,5;54,6;13,4;15,6;22,3;1.0
Westerstaatsman;Amsterdam;BU03631404;2875;300;270;1500;680;125;1,6;358.0;5.0;37.0;63.0;1620.0;39,4;34,2;32;48,1;15,3;11,7;17,6;1.0
Buyskade e.o.;Amsterdam;BU03631405;3080;385;290;1245;870;295;1,8;477.0;4.0;33.0;67.0;1640.0;43,7;36,9;36,5;40,7;23,8;9,1;16,3;1.0
Centrale Markt;Amsterdam;WK036315;2465;305;315;755;815;280;1,9;447.0;3.0;39.0;61.0;1050.0;37,8;32,1;35,6;43,5;21,7;10,1;17,6;1.0
Ecowijk;Amsterdam;BU03631500;1315;190;200;290;515;120;2,1;506.0;2.0;50.0;50.0;620.0;38,3;31,8;37,9;34,3;26,4;7,6;14,2;1.0
Markthallen;Amsterdam;BU03631501;15;0;0;5;0;5;1,9;;;;;;37,8;32,1;35,6;43,5;21,7;10,1;17,6;1.0
Bedrijvencentrum Westerkwartier;Amsterdam;BU03631502;70;10;5;15;35;0;2;;;;;;37,8;32,1;35,6;43,5;21,7;10,1;17,6;1.0
Marcanti;Amsterdam;BU03631503;1070;105;110;440;270;150;1,6;390.0;3.0;29.0;71.0;510.0;37,4;32,8;33,6;52,8;16,9;12,6;21,4;1.0
Frederik Hendrikbuurt;Amsterdam;WK036316;8280;785;655;3815;2030;990;1,6;399.0;7.0;30.0;70.0;4310.0;42;36,6;32,8;51;16,7;12,8;20,1;1.0
Frederik Hendrikbuurt Noord;Amsterdam;BU03631600;3855;390;340;1800;885;440;1,6;401.0;5.0;28.0;71.0;2140.0;40,3;34,9;31,9;51,2;17,3;11,9;19,5;1.0
Frederik Hendrikbuurt Zuidoost;Amsterdam;BU03631601;3290;285;225;1685;765;330;1,5;372.0;5.0;29.0;71.0;1620.0;43,1;37,8;32,2;52,5;14,7;14,3;21,2;1.0
Frederik Hendrikbuurt Zuidwest;Amsterdam;BU03631602;1135;110;90;335;385;215;1,7;468.0;16.0;35.0;65.0;570.0;45,2;39,6;37,6;45,8;20,7;11,2;18,6;1.0
Da Costabuurt;Amsterdam;WK036317;4660;465;405;2100;1100;595;1,6;474.0;8.0;32.0;68.0;2730.0;46,3;40,1;35,9;47;20,8;9,4;16;1.0
Da Costabuurt Noord;Amsterdam;BU03631700;4660;465;400;2100;1100;595;1,6;474.0;8.0;32.0;68.0;2730.0;46,3;40,1;35,9;47;20,8;9,4;16;1.0
Kinkerbuurt;Amsterdam;WK036318;6670;725;635;3255;1500;560;1,6;416.0;8.0;25.0;75.0;3080.0;43;37,3;33,5;50,6;16,9;12,1;18,4;1.0
Bellamybuurt Noord;Amsterdam;BU03631800;2710;295;245;1225;695;250;1,6;450.0;6.0;24.0;76.0;1050.0;40,4;34,2;31,5;53,1;16,8;12,7;20,2;1.0
Bellamybuurt Zuid;Amsterdam;BU03631801;3955;425;390;2030;805;310;1,6;397.0;9.0;26.0;74.0;2040.0;44,7;39,3;34,7;49,2;16,9;11,8;17,2;1.0
Van Lennepbuurt;Amsterdam;WK036319;7085;655;675;2975;1775;1005;1,6;375.0;5.0;24.0;76.0;3460.0;36,4;31,8;29,5;57,9;12,2;15;26;1.0
Da Costabuurt Zuid;Amsterdam;BU03631900;2275;200;250;1200;455;170;1,5;410.0;8.0;33.0;67.0;1290.0;43,2;37,8;32,8;50,8;15,6;11,1;16,7;1.0
Borgerbuurt;Amsterdam;BU03631901;2900;285;275;885;815;645;1,6;349.0;3.0;18.0;82.0;1160.0;29,6;25,8;26,2;64,9;8,6;16,8;33,5;1.0
Lootsbuurt;Amsterdam;BU03631902;1910;180;155;890;495;190;1,5;369.0;5.0;23.0;77.0;1060.0;38,5;33,8;30,3;56,5;13,4;16,8;25,8;1.0
Helmersbuurt;Amsterdam;WK036320;7360;815;765;3070;1860;845;1,7;539.0;9.0;35.0;65.0;4280.0;52,1;44,3;39,5;44,9;24;9,4;15,1;1.0
Helmersbuurt Oost;Amsterdam;BU03632000;2595;310;310;1155;565;255;1,7;618.0;9.0;39.0;60.0;1560.0;56,5;46,9;43,6;40,7;27,2;5,9;9,2;1.0
WG-terrein;Amsterdam;BU03632001;2470;245;230;815;745;435;1,6;522.0;9.0;27.0;73.0;1380.0;44,5;38,9;35,5;51,7;20,2;13,5;22,3;1.0
Cremerbuurt Oost;Amsterdam;BU03632002;2290;260;230;1100;545;155;1,6;478.0;7.0;39.0;61.0;1370.0;55,7;47,1;39,6;41,9;24,7;8,3;13,2;1.0
Overtoomse Sluis;Amsterdam;WK036321;8010;855;725;3960;1745;720;1,6;479.0;6.0;34.0;66.0;4920.0;50,9;43,7;39,1;43,2;23,5;8,2;13,5;1.0
Cremerbuurt West;Amsterdam;BU03632100;5755;595;490;3000;1235;435;1,6;447.0;6.0;32.0;68.0;3570.0;48,7;42,1;38,3;43,1;22,4;8,8;13,9;1.0
Vondelparkbuurt West;Amsterdam;BU03632101;2250;260;235;965;510;280;1,7;571.0;8.0;40.0;60.0;1350.0;57;47,7;41,3;43,3;26,6;6,5;12,3;1.0
Vondelbuurt;Amsterdam;WK036322;1770;225;200;520;475;345;1,7;966.0;16.0;45.0;55.0;990.0;74,1;59,2;62;42;31,3;8,7;13,6;1.0
Vondelparkbuurt Oost;Amsterdam;BU03632200;850;100;95;295;225;135;1,7;1079.0;22.0;50.0;50.0;520.0;82,4;67;64,7;35,2;34,6;9,4;9,9;1.0
Vondelparkbuurt Midden;Amsterdam;BU03632201;920;125;105;230;255;205;1,8;838.0;10.0;40.0;60.0;460.0;65,8;51,6;59,2;48,9;27,9;7,9;17,3;1.0
Zuidas;Amsterdam;WK036323;3950;410;600;2315;495;130;1,5;509.0;14.0;17.0;83.0;2370.0;75;61,7;50,5;44,9;29,3;3,9;5,4;1.0
Zuidas Noord;Amsterdam;BU03632300;475;60;25;315;60;15;1,7;676.0;6.0;16.0;83.0;290.0;70,9;58,5;49;29,3;40,2;1,3;1,3;1.0
RAI;Amsterdam;BU03632301;0;0;0;0;0;0;;;;;;;75;61,7;50,5;44,9;29,3;3,9;5,4;1.0
VU-kwartier;Amsterdam;BU03632302;115;20;15;55;15;5;1,4;594.0;18.0;63.0;37.0;70.0;75;61,7;50,5;44,9;29,3;3,9;5,4;2.0
Zuidas Zuid;Amsterdam;BU03632303;2375;285;130;1485;375;105;1,7;706.0;19.0;21.0;78.0;1520.0;94,2;76;68,1;25,5;39,6;2,1;2,6;1.0
Vivaldi;Amsterdam;BU03632304;985;50;430;455;45;5;1,1;179.0;7.0;8.0;92.0;500.0;30,9;26,8;20,2;85,8;7,1;11,9;18,2;1.0
Oude Pijp;Amsterdam;WK036324;14820;1270;1745;7220;3220;1360;1,5;460.0;9.0;25.0;75.0;7760.0;45,1;39,3;34,3;52,2;17,9;11,3;17,7;1.0
Hemonybuurt;Amsterdam;BU03632400;2600;295;325;1155;605;210;1,6;537.0;10.0;32.0;67.0;1560.0;49,6;41,9;37,7;46,6;24;9;13,4;1.0
Gerard Doubuurt;Amsterdam;BU03632401;1920;170;205;880;455;215;1,5;468.0;11.0;24.0;75.0;900.0;42,6;36,8;32,7;55,1;16,4;13,3;22,5;1.0
Frans Halsbuurt;Amsterdam;BU03632402;2645;235;275;1330;580;225;1,5;479.0;11.0;28.0;72.0;1340.0;50,3;43,7;38,7;49;21,1;11;16,6;1.0
Hercules Seghersbuurt;Amsterdam;BU03632403;2645;195;315;1365;530;240;1,5;406.0;5.0;16.0;82.0;1240.0;39,8;35,3;30,5;56,7;13,1;13,6;20;1.0
Sarphatiparkbuurt;Amsterdam;BU03632404;5005;370;625;2490;1055;460;1,5;438.0;10.0;24.0;76.0;2710.0;43,8;38,7;32,9;53,2;16,3;10,7;17,4;1.0
Nieuwe Pijp;Amsterdam;WK036325;12435;1170;1235;5850;2730;1450;1,6;436.0;7.0;26.0;73.0;7010.0;43,4;37,8;33,6;51,9;18,1;11,3;19,4;1.0
Willibrordusbuurt;Amsterdam;BU03632500;2660;200;290;1185;565;420;1,5;416.0;8.0;22.0;77.0;1290.0;38,6;34,5;30,9;60,5;14,3;13;23,9;1.0
Van der Helstpleinbuurt;Amsterdam;BU03632501;3915;385;365;1970;840;355;1,6;447.0;7.0;27.0;72.0;2340.0;47;40,8;35,7;48,3;20,4;10,6;16,8;1.0
Lizzy Ansinghbuurt;Amsterdam;BU03632502;2370;240;255;1015;585;265;1,6;430.0;6.0;23.0;77.0;1270.0;41,1;35,4;32,1;51,9;16,7;12,5;21;1.0
Cornelis Troostbuurt;Amsterdam;BU03632503;3500;335;330;1690;735;410;1,6;443.0;7.0;30.0;69.0;2050.0;44,6;38,5;34,4;49;19,5;9,8;17,9;1.0
Zuid Pijp;Amsterdam;WK036326;8195;950;850;2835;2200;1355;1,7;408.0;3.0;14.0;86.0;3230.0;31,9;27;27,3;61,6;10,8;17,2;30,3;1.0
Diamantbuurt;Amsterdam;BU03632600;3095;390;355;1040;830;490;1,7;398.0;3.0;16.0;84.0;1000.0;31,7;26,5;27,6;61,2;11,5;18,1;30,6;1.0
Burgemeester Tellegenbuurt Oost;Amsterdam;BU03632601;2830;295;310;1005;755;460;1,6;410.0;3.0;14.0;86.0;1360.0;32,8;27,9;27,9;60,7;10,8;16,9;29,5;1.0
Burgemeester Tellegenbuurt West;Amsterdam;BU03632602;2265;265;185;790;615;405;1,7;420.0;3.0;13.0;87.0;860.0;30,9;26,6;26;63,1;10;16,5;30,9;1.0
Weesperzijde;Amsterdam;WK036327;5895;650;795;2710;1205;540;1,6;507.0;5.0;38.0;62.0;3320.0;49,3;41,8;38;43,3;24,4;9,3;14,3;1.0
Swammerdambuurt;Amsterdam;BU03632700;2000;225;195;990;435;165;1,6;520.0;5.0;45.0;55.0;1140.0;54,1;46,2;41,2;42,2;28;7,6;10,9;1.0
Weesperzijde Midden/Zuid;Amsterdam;BU03632701;3315;390;250;1580;720;370;1,7;506.0;5.0;36.0;64.0;1940.0;48,6;41,1;38,2;40,5;24,6;9,2;15;1.0
Parooldriehoek;Amsterdam;BU03632702;575;35;345;145;50;5;1,2;396.0;8.0;0.0;100.0;180.0;22,5;18,4;17,3;77;1,5;24,4;32,1;1.0
Oosterparkbuurt;Amsterdam;WK036328;10880;1285;1050;4610;2635;1300;1,7;415.0;5.0;25.0;75.0;4980.0;37,9;32;30,6;55,3;15,8;15,3;24,7;1.0
Oosterparkbuurt Noordwest;Amsterdam;BU03632800;3760;330;360;1755;850;460;1,6;393.0;5.0;23.0;77.0;1980.0;37;32,5;29,8;56,9;13,4;14,3;22,7;1.0
Oosterpark;Amsterdam;BU03632801;120;0;5;65;35;10;1,2;272.0;4.0;0.0;100.0;60.0;28,3;26,6;30,6;55,3;15,8;15,3;24,7;1.0
Oosterparkbuurt Zuidoost;Amsterdam;BU03632802;3815;520;380;1510;950;455;1,8;456.0;6.0;33.0;67.0;1900.0;41,8;34,3;33,3;49,9;20,9;12,3;21,6;1.0
Oosterparkbuurt Zuidwest;Amsterdam;BU03632803;3185;430;305;1285;795;370;1,7;404.0;4.0;21.0;79.0;1090.0;34,8;28,8;28,9;58,1;14;19,3;30,3;1.0
Dapperbuurt;Amsterdam;WK036329;10225;1215;1195;3955;2455;1400;1,7;420.0;4.0;25.0;74.0;4340.0;36,2;30,7;29,9;55,8;15,3;14;24,7;1.0
Dapperbuurt Noord;Amsterdam;BU03632900;4295;460;470;1715;1000;650;1,7;399.0;4.0;24.0;75.0;1740.0;33,7;29;28,6;56,4;12,9;13,7;25,1;1.0
Dapperbuurt Zuid;Amsterdam;BU03632901;3810;400;475;1525;970;435;1,6;401.0;3.0;21.0;79.0;1750.0;33,4;28,9;27,6;60,5;12,6;15,3;26,4;1.0
Oostpoort;Amsterdam;BU03632902;2120;355;250;715;485;310;1,9;509.0;5.0;37.0;63.0;850.0;48,2;38,1;38,7;42,9;27,6;11,9;20;1.0
Transvaalbuurt;Amsterdam;WK036330;9230;1230;1100;3690;2190;1025;1,8;400.0;5.0;24.0;76.0;3350.0;33,1;27,5;28,4;55,9;14;15,7;25,7;1.0
Transvaalbuurt West;Amsterdam;BU03633000;4145;500;500;1610;1030;510;1,8;374.0;3.0;25.0;75.0;1440.0;32,1;27,1;27,8;57,4;12,4;16,8;27;1.0
Transvaalbuurt Oost;Amsterdam;BU03633001;5090;735;600;2085;1155;515;1,9;422.0;6.0;23.0;77.0;1900.0;33,9;27,8;29;54,6;15,3;14,8;24,6;1.0
Indische Buurt West;Amsterdam;WK036331;12530;1580;1515;5540;2675;1225;1,8;366.0;6.0;27.0;73.0;5030.0;33,6;28,1;28,6;53,1;14;15;24,3;1.0
Noordwestkwadrant Indische buurt Noord;Amsterdam;BU03633100;3805;460;390;1930;765;260;1,7;368.0;11.0;33.0;66.0;1660.0;38,4;32,2;30,8;49,4;16,4;12,9;19,7;1.0
Noordwestkwadrant Indische buurt Zuid;Amsterdam;BU03633101;4640;525;600;2185;930;395;1,7;377.0;3.0;28.0;71.0;2220.0;35,1;29,8;29,4;51,8;15,1;13,8;22,2;1.0
Zuidwestkwadrant Indische buurt;Amsterdam;BU03633102;4085;585;525;1425;975;570;2;352.0;3.0;18.0;82.0;1120.0;27,3;22,2;25,2;58,9;10,1;18,8;31,6;1.0
Indische Buurt Oost;Amsterdam;WK036332;9920;1370;1130;3570;2500;1340;1,9;377.0;4.0;22.0;78.0;3530.0;30,4;25,1;27,1;57,3;11,5;16,9;29;1.0
Noordoostkwadrant Indische buurt;Amsterdam;BU03633200;5845;775;630;2130;1420;890;1,8;363.0;5.0;19.0;81.0;1860.0;29,4;24,5;26,1;60,6;10,5;18,3;31,2;1.0
Zuidoostkwadrant Indische buurt;Amsterdam;BU03633201;3610;540;450;1310;915;395;2;383.0;2.0;22.0;78.0;1320.0;29,6;24;27;54,8;11,1;15,7;27,5;1.0
Zeeburgerdijk Oost;Amsterdam;BU03633202;440;60;50;120;155;60;2;535.0;3.0;55.0;45.0;;50,7;42;41,8;30,4;30;6;9,5;1.0
Flevopark;Amsterdam;BU03633203;15;0;5;10;5;0;1,4;;;;;;30,4;25,1;27,1;57,3;11,5;16,9;29;1.0
Oostelijk Havengebied;Amsterdam;WK036333;18925;2670;1995;5825;6500;1935;2;518.0;4.0;39.0;61.0;9840.0;48,5;39,9;40,4;32,8;30,1;7,4;11,5;1.0
Oostelijke Handelskade;Amsterdam;BU03633300;1455;210;95;675;380;95;1,9;572.0;7.0;25.0;75.0;840.0;63,1;51,3;51,9;25,3;35,6;6,7;9,3;1.0
Rietlanden;Amsterdam;BU03633301;2520;345;260;910;750;260;1,9;508.0;3.0;40.0;60.0;1180.0;49,9;40,6;41,2;33,7;30,9;6,9;12,4;1.0
Java-eiland;Amsterdam;BU03633302;3075;400;290;845;1105;435;1,9;579.0;4.0;32.0;68.0;1770.0;51,4;42,7;41,3;29;31,7;5,9;8,4;1.0
KNSM-eiland;Amsterdam;BU03633303;2390;220;205;620;950;395;1,7;471.0;3.0;48.0;52.0;1270.0;46,7;41;38,8;36,4;24,9;7,4;11,7;1.0
Sporenburg;Amsterdam;BU03633304;2815;485;405;685;1105;130;2,4;574.0;5.0;49.0;51.0;1570.0;51,1;40,3;43,8;21,7;44,1;4,6;6,4;1.0
Borneo;Amsterdam;BU03633305;2835;580;370;760;965;160;2,4;629.0;3.0;38.0;62.0;1460.0;47,4;36;39,6;28,4;37,2;7,2;10,5;1.0
Entrepot-Noordwest;Amsterdam;BU03633306;1420;160;155;455;480;170;1,8;417.0;3.0;32.0;68.0;490.0;37;31,5;31,8;47,9;15,4;11,8;19,1;1.0
Architectenbuurt;Amsterdam;BU03633307;1715;170;150;515;635;250;1,7;396.0;4.0;53.0;47.0;910.0;39,9;34,8;34,2;41,5;17,9;10,2;17,4;1.0
Bedrijvengebied Veelaan;Amsterdam;BU03633308;40;5;0;5;20;10;1,6;;;;;;48,5;39,9;40,4;32,8;30,1;7,4;11,5;1.0
Bedrijvengebied Cruquiusweg;Amsterdam;BU03633309;500;55;65;300;65;5;1,7;367.0;7.0;13.0;83.0;350.0;52,4;45;48,1;36,7;30,4;10;12,3;1.0
Bedrijvengebied Zeeburgerkade;Amsterdam;BU03633310;155;25;10;50;35;25;1,7;;;;;;39;30,8;40,4;32,8;30,1;7,4;11,5;1.0
Zeeburgereiland/Nieuwe Diep;Amsterdam;WK036334;4705;620;1145;2115;625;195;1,6;324.0;6.0;18.0;82.0;2180.0;37,6;30,9;28,5;52,7;16,7;9,2;14,1;3.0
Zeeburgereiland Noordwest;Amsterdam;BU03633400;20;5;0;10;5;5;2,5;;;;;;37,6;30,9;28,5;52,7;16,7;9,2;14,1;3.0
Zeeburgereiland Zuidoost;Amsterdam;BU03633402;480;10;365;100;5;5;1,1;170.0;7.0;0.0;100.0;;12,4;11;10,3;96,5;0,6;9,2;14,1;3.0
Zeeburgereiland Zuidwest;Amsterdam;BU03633403;300;15;150;95;35;10;1,3;152.0;9.0;1.0;99.0;110.0;17,5;15,7;14;86;2,8;9,2;14,1;2.0
Nieuwe Diep/Diemerpark;Amsterdam;BU03633404;65;10;15;10;25;10;2;;;;;10.0;37,6;30,9;28,5;52,7;16,7;9,2;14,1;4.0
RI Oost terrein;Amsterdam;BU03633405;3840;585;625;1910;550;170;1,7;355.0;5.0;22.0;78.0;1850.0;41,8;33,9;32,6;42,7;20,3;7,9;12,8;3.0
Zeeburgereiland Noordoost;Amsterdam;BU03633406;0;0;0;0;0;0;;;;;;;37,6;30,9;28,5;52,7;16,7;9,2;14,1;4.0
IJburg West;Amsterdam;WK036335;15730;3655;2165;4735;4385;795;2,4;513.0;4.0;46.0;51.0;6270.0;48,1;35,1;39,7;29,1;34,8;7,6;12,2;2.0
Steigereiland Noord;Amsterdam;BU03633500;1570;355;205;560;395;65;2,3;445.0;5.0;39.0;38.0;690.0;46,8;34,9;39,9;30,5;32,7;7,4;12;3.0
Steigereiland Zuid;Amsterdam;BU03633501;2680;710;410;610;850;95;2,8;559.0;9.0;57.0;43.0;970.0;47,4;33,1;39,6;28,6;40,2;8,1;12,9;3.0
Haveneiland Zuidwest/Rieteiland West;Amsterdam;BU03633502;2790;665;435;535;1005;140;2,8;778.0;3.0;66.0;34.0;1250.0;63,3;46;55;14,5;54,1;3,5;4,5;2.0
Haveneiland Noordwest;Amsterdam;BU03633504;2845;510;350;1085;675;220;2;401.0;5.0;30.0;70.0;1140.0;42,5;33,1;33,9;40,1;23,8;10,5;16,2;2.0
Haveneiland Noordoost;Amsterdam;BU03633505;5840;1410;770;1950;1450;265;2,4;469.0;3.0;46.0;54.0;2240.0;44,3;31,8;36,7;28,4;31,7;7,5;12,9;2.0
Sloterdijk;Amsterdam;WK036336;540;55;30;345;85;25;1,7;474.0;7.0;9.0;91.0;320.0;51,2;44,5;37,8;33,9;28,7;12,9;15;1.0
Woon- en Groengebied Sloterdijk;Amsterdam;BU03633600;450;55;20;310;50;25;1,8;466.0;4.0;9.0;91.0;290.0;56,6;48,7;43,3;21,7;34,3;4,5;5,3;1.0
Bedrijventerrein Sloterdijk I;Amsterdam;BU03633601;90;5;10;35;35;5;1,2;;;;;;51,2;44,5;37,8;33,9;28,7;12,9;15;3.0
Landlust;Amsterdam;WK036337;19055;2735;2290;8485;3965;1570;1,8;350.0;4.0;29.0;71.0;7470.0;33,9;27,8;28,9;52,5;13,6;13,9;22,1;1.0
Bedrijventerrein Landlust;Amsterdam;BU03633700;580;30;50;415;45;35;1,5;;3.0;41.0;59.0;360.0;45,3;42,1;34,8;44,4;15,8;4,3;8,1;1.0
Bosleeuw;Amsterdam;BU03633702;5755;865;925;2235;1250;480;1,9;328.0;4.0;27.0;73.0;1930.0;29,9;24;26,4;55,5;11,9;14,9;22,5;1.0
Landlust Zuid;Amsterdam;BU03633703;4115;575;360;2005;820;360;1,8;376.0;4.0;33.0;67.0;1880.0;38,2;31,7;31,4;49,1;17,5;13;22,4;1.0
Erasmusparkbuurt Oost;Amsterdam;BU03633704;1925;335;230;755;450;155;2;448.0;3.0;38.0;62.0;720.0;40,5;31,9;33,2;43,7;22,4;10,3;16,9;1.0
Gibraltarbuurt;Amsterdam;BU03633705;4285;580;430;1995;925;360;1,7;327.0;4.0;21.0;79.0;1670.0;31,8;26,4;27;57,6;9,9;17,1;26,2;1.0
Landlust Noord;Amsterdam;BU03633706;2400;355;300;1080;475;190;1,8;337.0;3.0;28.0;72.0;890.0;31,5;25,8;28,2;51,4;10;13,1;20,4;1.0
Erasmuspark;Amsterdam;WK036338;5870;675;655;2980;1085;475;1,7;354.0;4.0;43.0;57.0;3050.0;38,5;32,7;32,3;43,5;17;7,7;14;1.0
Erasmusparkbuurt West;Amsterdam;BU03633802;4080;470;440;2100;745;330;1,7;349.0;4.0;48.0;51.0;2280.0;39,4;33,5;33;41,7;17,4;6,6;12,3;1.0
Robert Scottbuurt Oost;Amsterdam;BU03633803;1790;210;215;880;345;140;1,8;368.0;6.0;30.0;70.0;770.0;36,6;30,7;30,8;47,7;15,9;10,3;18,1;1.0
De Kolenkit;Amsterdam;WK036339;10725;1795;1650;4540;1860;870;1,9;304.0;9.0;18.0;80.0;3910.0;29,6;23,2;25,9;56,9;10,8;15,7;24,7;1.0
Robert Scottbuurt West;Amsterdam;BU03633900;2075;185;310;990;335;255;1,5;250.0;5.0;24.0;76.0;700.0;29,2;25,2;24,7;68,5;6,2;12,9;23,3;1.0
Laan van Spartaan;Amsterdam;BU03633901;2260;410;455;990;260;150;1,7;334.0;3.0;15.0;85.0;1040.0;34,5;26,1;26,3;56,3;16,5;14,2;21,2;1.0
Kolenkitbuurt Zuid;Amsterdam;BU03633902;2235;335;315;970;415;205;2,1;344.0;11.0;25.0;75.0;700.0;31,8;25,4;28,4;48,7;14,6;13,1;20,5;1.0
Kolenkitbuurt Noord;Amsterdam;BU03633903;4155;870;580;1595;850;260;2,3;302.0;15.0;10.0;82.0;1380.0;26,3;19,6;25;53,4;8,6;20;29,7;1.0
Geuzenbuurt;Amsterdam;WK036340;6845;820;760;3410;1280;575;1,7;407.0;5.0;32.0;67.0;3610.0;40,6;34,7;32,8;47,2;18,1;10,3;16,2;1.0
Geuzenhofbuurt;Amsterdam;BU03634000;1715;135;185;1005;260;135;1,5;365.0;4.0;45.0;54.0;1130.0;43,6;38,8;34,6;41,6;16,8;6,3;10;1.0
Trompbuurt;Amsterdam;BU03634001;3225;435;375;1555;575;280;1,8;443.0;4.0;31.0;68.0;1660.0;41;34,3;32,9;46,7;19,4;9,5;15;1.0
Pieter van der Doesbuurt;Amsterdam;BU03634002;1900;250;195;850;445;165;1,7;397.0;5.0;20.0;80.0;830.0;37,3;31,5;30,6;53,9;17,3;15,8;24,5;1.0
Van Galenbuurt;Amsterdam;WK036341;7685;1000;825;3430;1885;550;1,7;350.0;4.0;22.0;77.0;2330.0;32,5;27,7;27,4;58,9;10,8;16,4;26,7;1.0
John Franklinbuurt;Amsterdam;BU03634100;1945;225;185;915;435;180;1,6;360.0;5.0;18.0;82.0;770.0;32,3;27,8;26,9;61;9,4;15;25,1;1.0
Jan Maijenbuurt;Amsterdam;BU03634101;2300;270;260;1015;560;195;1,7;343.0;4.0;22.0;78.0;850.0;31;26,4;26,6;60,3;10,2;18,9;29,3;1.0
Orteliusbuurt Noord;Amsterdam;BU03634102;1375;160;125;635;285;165;1,7;347.0;3.0;29.0;71.0;560.0;35,3;29,9;29,5;53,6;14;14,4;24,8;1.0
Mercatorpark;Amsterdam;BU03634103;2055;340;250;855;600;10;;;;;;110.0;32,5;27,7;27,4;58,9;10,8;16,4;26,7;1.0
Hoofdweg e.o.;Amsterdam;WK036342;10435;1270;1040;4845;2295;985;1,7;355.0;4.0;23.0;77.0;4060.0;35;29,7;30,3;55,1;12,8;14,6;22,8;1.0
Balboaplein e.o.;Amsterdam;BU03634200;3075;395;350;1460;650;225;1,7;351.0;4.0;22.0;78.0;1160.0;34,8;29,3;29,2;54;12,3;14,2;22,4;1.0
Columbusplein e.o.;Amsterdam;BU03634201;3525;465;365;1515;840;335;1,7;356.0;4.0;16.0;84.0;1200.0;32,3;27;31,1;59,8;10,8;18,3;27,9;1.0
Orteliusbuurt Midden;Amsterdam;BU03634202;1935;225;155;955;435;165;1,6;362.0;4.0;31.0;69.0;780.0;38,2;32,6;31;50,3;15,5;11,6;18,7;1.0
Orteliusbuurt Zuid;Amsterdam;BU03634203;1895;180;175;910;370;255;1,6;354.0;6.0;27.0;72.0;940.0;37,2;32,6;30,1;53,3;14,4;11,8;18,6;1.0
Westindische Buurt;Amsterdam;WK036343;6960;915;700;3395;1340;605;1,8;430.0;4.0;31.0;68.0;3890.0;43,5;36,6;33,9;45;21,3;9;14,9;1.0
Paramariboplein e.o.;Amsterdam;BU03634300;3925;555;385;1975;725;290;1,8;445.0;4.0;35.0;64.0;2170.0;44,3;36,6;34,2;43,7;22,3;8,7;14,4;1.0
Postjeskade e.o.;Amsterdam;BU03634301;3030;365;315;1425;615;315;1,7;412.0;4.0;25.0;73.0;1720.0;42,6;36,5;33,6;46,7;20;9,2;15,6;1.0
Hoofddorppleinbuurt;Amsterdam;WK036344;11865;1415;1170;5525;2595;1160;1,7;441.0;5.0;38.0;62.0;6670.0;48,6;41,3;37,8;41,2;23,5;7,3;12,6;1.0
Surinamepleinbuurt;Amsterdam;BU03634400;1550;205;165;675;310;200;1,7;486.0;6.0;38.0;62.0;870.0;48,5;40,7;39,8;47;23,5;6;12,4;1.0
Westlandgrachtbuurt;Amsterdam;BU03634401;3610;445;305;1690;800;360;1,7;430.0;5.0;35.0;65.0;1890.0;48,2;40,9;36,8;41,8;23,1;8;13,2;1.0
Aalsmeerwegbuurt West;Amsterdam;BU03634402;2535;275;205;1370;500;180;1,7;402.0;5.0;43.0;57.0;1620.0;50,2;43,4;39,3;35,6;24,9;7;11,2;1.0
Aalsmeerwegbuurt Oost;Amsterdam;BU03634403;2210;245;205;1025;525;215;1,7;447.0;5.0;39.0;61.0;1260.0;47,2;40,6;36,9;41,8;22;7,9;13,5;1.0
Legmeerpleinbuurt;Amsterdam;BU03634404;1695;235;165;710;405;185;1,7;475.0;5.0;33.0;66.0;890.0;49,2;40,6;37,4;41,3;24,5;7,2;12,9;1.0
Bedrijventerrein Schinkel;Amsterdam;BU03634405;260;10;125;50;55;20;1,3;;;;;130.0;48,1;40,9;37,8;41,2;23,5;7,3;12,6;1.0
Schinkelbuurt;Amsterdam;WK036345;3960;385;390;1865;900;415;1,6;436.0;7.0;26.0;73.0;2180.0;44,3;38,6;33,9;49,2;17,9;10,4;16,9;1.0
Schinkelbuurt Noord;Amsterdam;BU03634500;2430;230;245;1220;540;190;1,6;446.0;7.0;33.0;66.0;1440.0;48,6;42,6;36,7;43,5;21,5;8;13,1;1.0
Schinkelbuurt Zuid;Amsterdam;BU03634501;1535;160;140;645;360;225;1,6;420.0;6.0;16.0;84.0;700.0;37,4;32,3;29,6;58;12,5;14,1;22,8;1.0
Willemspark;Amsterdam;WK036346;5515;1005;625;1600;1530;760;2,1;1050.0;12.0;49.0;51.0;2950.0;98,4;72,6;79,5;27,8;45,5;6,4;8,9;1.0
Valeriusbuurt Oost;Amsterdam;BU03634600;1405;290;160;330;445;180;2,2;1180.0;14.0;59.0;40.0;740.0;123,5;85,1;88,9;21,4;55,7;5,9;7,2;1.0
Valeriusbuurt West;Amsterdam;BU03634601;2585;495;270;825;640;355;2,1;845.0;10.0;44.0;55.0;1380.0;78,7;58,9;58,9;28,6;41,8;6;9,4;1.0
Willemsparkbuurt Noord;Amsterdam;BU03634602;1520;215;190;445;445;220;2;1277.0;15.0;48.0;51.0;840.0;110,5;84,5;105,3;31,7;43,3;7,3;9,4;1.0
Vondelpark West;Amsterdam;BU03634603;0;0;0;0;0;0;;;;;;;98,4;72,6;79,5;27,8;45,5;6,4;8,9;1.0
Museumkwartier;Amsterdam;WK036347;12625;1790;1265;3785;3295;2485;1,8;1002.0;12.0;40.0;60.0;6450.0;89,2;70,1;68,2;32,4;37,8;6,1;8,8;1.0
Johannnes Vermeerbuurt;Amsterdam;BU03634700;1490;230;140;460;395;265;1,9;1064.0;12.0;50.0;49.0;830.0;85,1;66,5;67,6;26,9;44,8;4,9;7,7;1.0
P.C. Hooftbuurt;Amsterdam;BU03634701;795;85;80;255;230;135;1,7;1087.0;23.0;30.0;69.0;420.0;93,7;74,4;65;31,7;39,9;5,7;8,3;1.0
Concertgebouwbuurt;Amsterdam;BU03634702;1845;300;195;520;505;320;1,9;1186.0;17.0;54.0;45.0;1070.0;92,3;69,5;72,9;29,6;42,9;7,5;9,7;1.0
Cornelis Schuytbuurt;Amsterdam;BU03634703;2875;490;340;760;830;450;2;1288.0;16.0;54.0;46.0;1550.0;104,5;76,6;83,9;26,6;48,9;6,1;7,5;1.0
Banpleinbuurt;Amsterdam;BU03634704;785;115;110;125;240;195;2,1;1600.0;9.0;54.0;46.0;;177;134,4;68,2;21,9;50,3;5,1;5,1;1.0
Hondecoeterbuurt;Amsterdam;BU03634705;2050;305;195;695;490;365;1,9;904.0;9.0;37.0;63.0;800.0;95,4;74,4;73,7;33,8;38,1;6,1;9,4;1.0
Harmoniehofbuurt;Amsterdam;BU03634706;1385;115;80;265;290;635;1,6;563.0;3.0;0.0;100.0;680.0;41,7;37,4;33,3;44,1;16;5,3;9,3;1.0
Museumplein;Amsterdam;BU03634707;5;0;0;0;5;5;1,5;;;;;;89,2;70,1;68,2;32,4;37,8;6,1;8,8;1.0
Vondelpark Oost;Amsterdam;BU03634708;0;0;5;0;5;5;2;;;;;;89,2;70,1;68,2;32,4;37,8;6,1;8,8;1.0
Duivelseiland;Amsterdam;BU03634709;1385;150;120;695;310;110;1,6;530.0;8.0;32.0;68.0;880.0;59,8;50,5;41,6;40,7;24,4;7,2;11,5;1.0
Stadionbuurt;Amsterdam;WK036348;11925;1560;1065;4590;2920;1785;1,7;480.0;5.0;17.0;83.0;5440.0;45;37,4;34,8;48,7;20,5;11;20,3;1.0
Bertelmanpleinbuurt;Amsterdam;BU03634800;1075;90;105;370;290;220;1,6;411.0;6.0;5.0;95.0;510.0;31,1;27,7;26,6;60,3;10,1;14,6;28,9;1.0
Marathonbuurt Oost;Amsterdam;BU03634801;1460;150;155;455;430;270;1,6;446.0;2.0;14.0;86.0;570.0;35,8;31,3;29;56,5;11,6;14,3;24,7;1.0
Marathonbuurt West;Amsterdam;BU03634802;2425;245;215;875;690;400;1,6;373.0;3.0;15.0;85.0;850.0;31,5;27,3;25,9;63,4;8,8;17,9;32,3;1.0
Olympisch Stadion e.o.;Amsterdam;BU03634803;2345;445;160;880;510;355;2;642.0;7.0;9.0;91.0;970.0;64,1;48,2;47,3;35,1;36;6,4;13,3;1.0
IJsbaanpad e.o.;Amsterdam;BU03634804;380;80;50;65;140;50;2,4;;;;;180.0;49,1;36,9;42,2;25,2;40,3;2,6;4,5;2.0
Van Tuyllbuurt;Amsterdam;BU03634805;4230;545;380;1950;855;500;1,7;498.0;6.0;27.0;73.0;2360.0;50,3;42;38,4;41,4;25,4;6,9;13,1;1.0
Apollobuurt;Amsterdam;WK036349;8535;1680;860;2160;2300;1535;2,1;1175.0;10.0;53.0;46.0;3670.0;91,9;66,2;75,2;25,5;48,9;5,9;7,4;1.0
Diepenbrockbuurt;Amsterdam;BU03634900;790;160;100;170;230;130;2,4;2069.0;12.0;68.0;32.0;220.0;118,5;81,5;124,1;18,4;60;3,9;4,3;1.0
Beethovenbuurt;Amsterdam;BU03634901;1260;255;145;285;335;240;2,2;1396.0;10.0;50.0;50.0;600.0;98;68;78;28,8;49,8;7;10,7;1.0
Hiltonbuurt;Amsterdam;BU03634902;80;15;15;5;30;10;2,7;;12.0;56.0;44.0;40.0;91,9;66,2;75,2;25,5;48,9;5,9;7,4;1.0
Minervabuurt Noord;Amsterdam;BU03634903;1330;280;125;290;400;240;2,3;1238.0;13.0;59.0;41.0;640.0;93,2;65,1;76,4;22,7;52,9;6,7;7,4;1.0
Minervabuurt Midden;Amsterdam;BU03634904;2415;465;285;590;645;425;2,1;1065.0;11.0;53.0;46.0;990.0;92,3;67,1;70;26,1;49,1;6,7;7,6;1.0
Minervabuurt Zuid;Amsterdam;BU03634905;2655;500;195;820;655;485;2;882.0;8.0;48.0;52.0;1330.0;80,3;60,4;60,6;26,7;43,5;5;6,7;1.0
IJburg Oost;Amsterdam;WK036350;0;0;0;0;0;0;;;;;;;;;;;;;;3.0
Strandeiland;Amsterdam;BU03635000;0;0;0;0;0;0;;;;;;;;;;;;;;
Middeneiland Zuidoost;Amsterdam;BU03635001;0;0;0;0;0;0;;;;;;;;;;;;;;
Middeneiland Zuidwest;Amsterdam;BU03635003;0;0;0;0;0;0;;;;;;;;;;;;;;4.0
Buiteneiland;Amsterdam;BU03635005;0;0;0;0;0;0;;;;;;;;;;;;;;
Centrumeiland;Amsterdam;BU03635006;0;0;0;0;0;0;;;;;;;;;;;;;;3.0
IJburg Zuid;Amsterdam;WK036351;8265;2420;900;2645;1965;335;2,6;525.0;3.0;44.0;56.0;2710.0;47,3;32;37,9;30;35,7;7,9;12,9;2.0
Rieteiland Oost;Amsterdam;BU03635100;345;130;30;55;120;5;3,6;1432.0;0.0;99.0;1.0;150.0;91,8;54,5;37,9;30;35,7;7,9;12,9;3.0
Haveneiland Oost;Amsterdam;BU03635101;6100;1915;645;1875;1475;190;2,7;541.0;3.0;50.0;50.0;2060.0;49,6;32,6;38,9;26,6;41,6;7,6;12;3.0
Haveneiland Noord;Amsterdam;BU03635102;1830;385;220;720;370;135;2,2;394.0;3.0;24.0;76.0;480.0;34,1;25,6;30,6;41,9;15,2;9,6;16,6;2.0
Scheldebuurt;Amsterdam;WK036352;14995;2100;1440;6190;3060;2205;1,8;554.0;7.0;28.0;72.0;8540.0;51,7;42,7;40,2;41,8;27,2;6,4;11,9;1.0
Wielingenbuurt;Amsterdam;BU03635200;2995;425;295;1200;655;420;1,8;630.0;4.0;32.0;68.0;1810.0;58,2;47,7;46,1;35,8;30,9;5,4;9,4;1.0
Scheldebuurt West;Amsterdam;BU03635201;4365;620;460;1725;930;630;1,8;553.0;7.0;27.0;73.0;2240.0;48,8;40,2;39,2;44,5;25,1;6,7;12,8;1.0
Scheldebuurt Midden;Amsterdam;BU03635202;3135;470;305;1310;590;450;1,8;585.0;6.0;35.0;65.0;1940.0;51,8;42,4;40,2;41,8;29,1;5,2;10,3;1.0
Scheldebuurt Oost;Amsterdam;BU03635203;2355;320;280;1005;470;280;1,8;516.0;7.0;32.0;68.0;1370.0;49,2;41,2;37,8;40,8;25,8;6,1;9,9;1.0
Veluwebuurt;Amsterdam;BU03635206;1525;175;75;540;340;395;1,6;414.0;11.0;9.0;91.0;630.0;41,2;35,3;30,4;56,1;16,3;12,3;23,3;1.0
Kop Zuidas;Amsterdam;BU03635207;615;85;20;405;70;25;1,9;569.0;6.0;21.0;79.0;490.0;74,8;61,4;54,5;17,3;48,9;1,6;3,2;1.0
IJselbuurt;Amsterdam;WK036353;5290;550;535;2315;1170;715;1,6;421.0;5.0;16.0;84.0;2630.0;39,7;34,5;31,4;53,5;15,7;11,1;20,1;1.0
IJselbuurt West;Amsterdam;BU03635300;2390;235;205;1035;560;355;1,6;408.0;5.0;15.0;85.0;1190.0;40,1;35,4;30,6;56;14,8;12,6;23,4;1.0
IJselbuurt Oost;Amsterdam;BU03635301;2905;320;335;1280;615;360;1,7;434.0;6.0;16.0;84.0;1440.0;39,4;33,8;32,1;51,2;16,5;9,8;17,2;1.0
Rijnbuurt;Amsterdam;WK036354;9160;960;950;3835;2095;1325;1,6;420.0;5.0;20.0;79.0;4480.0;42,3;36,7;32,6;53,7;16,1;12;21,1;1.0
Kromme Mijdrechtbuurt;Amsterdam;BU03635400;2485;250;250;1045;585;350;1,6;410.0;5.0;17.0;83.0;1230.0;40,3;35,2;31,5;56,1;15,6;12,2;20,9;1.0
Rijnbuurt Oost;Amsterdam;BU03635401;2700;280;310;1210;565;335;1,6;421.0;6.0;30.0;70.0;1440.0;45,6;39,6;35;45,7;19,3;7,7;15,3;1.0
Rijnbuurt Midden;Amsterdam;BU03635402;2205;215;235;1045;435;275;1,6;442.0;5.0;21.0;79.0;1290.0;47,2;41,4;35,6;47;20,4;9;15,3;1.0
Rijnbuurt West;Amsterdam;BU03635403;1725;205;145;525;495;355;1,6;387.0;2.0;10.0;90.0;510.0;31,7;27,1;25,8;70,8;6,6;21,6;36,5;1.0
Zorgvlied;Amsterdam;BU03635404;45;5;0;15;15;10;1,7;;;;;20.0;42,3;36,7;32,6;53,7;16,1;12;21,1;1.0
Frankendael;Amsterdam;WK036355;11640;1495;1500;4380;2535;1725;1,7;374.0;5.0;17.0;83.0;5360.0;38,8;32,6;29,9;56,5;16,8;10,6;19,1;1.0
De Eenhoorn;Amsterdam;BU03635501;2645;240;720;1375;245;65;1,3;266.0;9.0;1.0;99.0;1420.0;34,3;30,8;22,8;72,1;11;10,1;14,4;1.0
Julianapark;Amsterdam;BU03635502;1085;100;50;610;185;135;1,7;431.0;3.0;13.0;87.0;790.0;53,1;46;40,3;24,4;25,8;3,1;6,7;1.0
Don Bosco;Amsterdam;BU03635503;2110;355;225;750;515;270;2;508.0;6.0;41.0;59.0;1060.0;47,2;37,5;39,1;36,9;29,7;5,7;10,5;1.0
Frankendael;Amsterdam;BU03635504;10;0;0;0;5;0;1,5;;;;;;38,8;32,6;29,9;56,5;16,8;10,6;19,1;1.0
Tuindorp Amstelstation;Amsterdam;BU03635505;840;115;80;200;250;200;1,7;285.0;3.0;0.0;100.0;260.0;23,6;19,8;21,7;74,1;5,3;18,8;40,2;1.0
De Wetbuurt;Amsterdam;BU03635506;1835;290;175;410;540;415;2;421.0;5.0;36.0;64.0;620.0;38,8;31,2;32,1;48,7;21,8;7,9;16,7;1.0
Tuindorp Frankendael;Amsterdam;BU03635507;2520;315;170;815;665;570;1,6;366.0;3.0;13.0;87.0;1080.0;36,5;30,9;28,1;65,9;11,9;14,7;25,7;1.0
Van der Kunbuurt;Amsterdam;BU03635508;595;85;85;220;135;75;1,8;340.0;3.0;1.0;99.0;;29,6;24,6;26;65,8;8,9;18,4;27,4;1.0
Middenmeer;Amsterdam;WK036356;15790;2430;3075;4825;3660;1800;1,9;468.0;5.0;36.0;64.0;7660.0;47,8;38,2;35,6;46,1;26,8;7,1;11,5;1.0
Linnaeusparkbuurt;Amsterdam;BU03635600;2700;470;300;875;690;360;2;618.0;6.0;44.0;56.0;1390.0;56;44,4;42,4;35,7;33,4;4,9;8,8;1.0
Middenmeer Noord;Amsterdam;BU03635601;2880;540;375;775;805;385;2,2;632.0;6.0;44.0;56.0;1480.0;60,3;47,4;45,5;35,7;35,6;5;10;1.0
Middenmeer Zuid;Amsterdam;BU03635602;5065;1015;600;1635;1215;600;2,1;503.0;5.0;44.0;56.0;2360.0;46;35,4;36,7;38,2;29,6;5,4;9,8;1.0
Sportpark Middenmeer Zuid;Amsterdam;BU03635603;300;25;10;50;70;145;1,6;500.0;4.0;54.0;46.0;120.0;41,9;37,3;38,1;45,4;24;3,4;10,7;1.0
Sportpark Middenmeer Noord;Amsterdam;BU03635604;250;0;165;85;0;0;1;71.0;2.0;0.0;100.0;;18,6;18;15,7;97,6;0;45,8;48,2;2.0
Park de Meer;Amsterdam;BU03635605;1610;210;215;325;615;245;2,2;558.0;4.0;64.0;36.0;650.0;46,7;38,4;40,9;30,7;34,8;5,5;10,8;1.0
Sportpark Voorland;Amsterdam;BU03635606;0;0;0;0;0;0;;;;;;;47,8;38,2;35,6;46,1;26,8;7,1;11,5;2.0
Science Park Noord;Amsterdam;BU03635607;2705;160;1260;970;255;65;1,3;278.0;4.0;14.0;86.0;1420.0;36,2;29,7;23,1;66,8;14,2;4,3;6,6;1.0
Science Park Zuid;Amsterdam;BU03635608;280;5;160;100;10;10;1,1;116.0;1.0;0.0;100.0;;18;17,3;15,7;97,3;0,4;47,5;56,2;3.0
Betondorp;Amsterdam;WK036357;3230;410;285;870;895;780;1,7;345.0;5.0;16.0;84.0;890.0;28,2;24;24,9;64,5;6,9;16,3;31,1;1.0
Betondorp;Amsterdam;BU03635700;3225;410;280;870;890;775;1,7;345.0;5.0;16.0;84.0;;28,2;24;24,9;64,6;6,9;16,3;31,1;1.0
Nieuwe Oosterbegraafplaats;Amsterdam;BU03635701;5;0;5;0;5;0;2;;;;;;28,2;24;24,9;64,5;6,9;16,3;31,1;1.0
Drieburg;Amsterdam;BU03635702;0;0;0;0;0;0;;;;;;;28,2;24;24,9;64,5;6,9;16,3;31,1;1.0
Omval/Overamstel;Amsterdam;WK036358;5080;350;910;2975;600;240;1,5;;22.0;14.0;86.0;3380.0;50,5;45;36,3;49;21,2;5,7;7,8;1.0
Weespertrekvaart;Amsterdam;BU03635801;890;45;145;580;105;20;1,4;;60.0;4.0;96.0;530.0;53,8;48,5;35,5;44,7;19,5;4,3;6,4;2.0
Amstelglorie;Amsterdam;BU03635804;70;10;5;15;25;15;2,3;;;;;40.0;50,5;45;36,3;49;21,2;5,7;7,8;2.0
Overamstel;Amsterdam;BU03635805;50;5;5;20;15;0;2,7;;;;;;50,5;45;36,3;49;21,2;5,7;7,8;5.0
Amstelkwartier Noord;Amsterdam;BU03635806;2435;220;425;1490;250;50;1,5;372.0;6.0;18.0;82.0;1730.0;50,8;44,8;36,5;50,1;20,7;5,2;7,2;1.0
De Omval;Amsterdam;BU03635807;725;65;40;320;175;135;1,7;571.0;11.0;45.0;55.0;520.0;69,9;60,7;56,3;19,7;42,5;3;3;1.0
Amstelkwartier Zuid;Amsterdam;BU03635808;30;0;5;5;5;10;1,5;;;;;;50,5;45;36,3;49;21,2;5,7;7,8;2.0
Amstelkwartier West;Amsterdam;BU03635809;875;10;285;550;25;15;1,2;220.0;5.0;0.0;100.0;590.0;32,2;30,4;22,9;70,2;9,4;12;15,7;3.0
Prinses Irenebuurt e.o.;Amsterdam;WK036359;1345;255;135;315;325;315;2;930.0;12.0;74.0;25.0;720.0;80,9;60;74;22,6;41,4;3,6;5;1.0
Prinses Irenebuurt;Amsterdam;BU03635900;1345;255;135;315;325;310;2;930.0;12.0;74.0;25.0;720.0;80,9;60;74;22,6;41,4;3,6;5;1.0
Beatrixpark;Amsterdam;BU03635901;0;0;0;0;0;0;;;;;;;80,9;60;74;22,6;41,4;3,6;5;1.0
Volewijck;Amsterdam;WK036360;9565;1580;990;3110;2655;1225;1,9;289.0;5.0;13.0;87.0;2250.0;26,4;21,2;23,9;64,5;7,5;18;31,8;1.0
Van der Pekbuurt;Amsterdam;BU03636000;4730;780;580;1665;1280;430;1,9;267.0;7.0;8.0;92.0;1170.0;25,6;20,5;23,3;67,2;6,3;20,6;34,1;1.0
Bloemenbuurt Zuid;Amsterdam;BU03636001;2425;450;230;700;670;380;2;322.0;4.0;8.0;92.0;490.0;25,5;20,1;23,1;66,4;8,1;18,5;34,7;1.0
Bloemenbuurt Noord;Amsterdam;BU03636002;2405;350;185;740;710;415;1,9;299.0;3.0;27.0;73.0;580.0;28,7;23,5;26;57,1;9,4;12,5;24,7;1.0
IJplein/Vogelbuurt;Amsterdam;WK036361;8255;1250;920;2840;2225;1020;1,9;329.0;4.0;20.0;80.0;2460.0;27,3;22,2;25,7;62,1;8,9;18,3;30,6;1.0
IJplein e.o.;Amsterdam;BU03636100;2480;305;240;780;770;385;1,7;317.0;4.0;20.0;80.0;700.0;27,5;23,2;25;64,8;7;18,2;31,1;1.0
Vogelbuurt Zuid;Amsterdam;BU03636101;4295;700;535;1505;1070;480;1,9;330.0;4.0;19.0;81.0;1200.0;26,3;21,1;24,5;62,7;9,2;19,4;31,5;1.0
Vogelbuurt Noord;Amsterdam;BU03636102;1305;210;115;520;315;140;1,8;339.0;2.0;20.0;80.0;490.0;27,8;22,5;25;58,5;7,2;16,3;29;1.0
Vliegenbos;Amsterdam;BU03636103;180;40;25;35;65;15;2,5;539.0;42.0;40.0;60.0;50.0;45,8;34,8;25,7;62,1;8,9;18,3;30,6;2.0
Tuindorp Nieuwendam;Amsterdam;WK036362;3540;550;320;800;1045;820;1,9;316.0;3.0;20.0;80.0;1070.0;28,7;23,5;25,9;58,7;9,5;9,9;23,1;1.0
Tuindorp Nieuwendam West;Amsterdam;BU03636200;1055;135;95;230;300;305;2;303.0;2.0;22.0;78.0;180.0;28,4;24;26,7;56,9;10,5;7;19,5;1.0
Tuindorp Nieuwendam Oost;Amsterdam;BU03636201;2485;415;230;575;745;520;1,9;322.0;3.0;19.0;81.0;870.0;28,8;23,4;25,6;59,5;9,1;11,2;24,6;1.0
Tuindorp Buiksloot;Amsterdam;WK036363;1885;290;195;490;555;360;2;304.0;4.0;19.0;81.0;440.0;27,4;22,5;25,6;56,4;11,1;12,7;24,4;1.0
Blauwe Zand;Amsterdam;BU03636300;1885;290;190;490;555;360;2;304.0;4.0;19.0;81.0;440.0;27,4;22,5;25,6;56,4;11,1;12,7;24,4;1.0
Nieuwendammerdijk/Buiksloterdijk;Amsterdam;WK036364;1655;365;170;310;535;270;2,6;659.0;6.0;93.0;7.0;870.0;54,7;40,7;50,1;13,6;54,6;2,4;2,6;1.0
Buiksloterdijk West;Amsterdam;BU03636400;145;30;20;20;45;35;2,7;690.0;8.0;98.0;2.0;90.0;57,4;43,6;50,1;13,6;54,6;2,4;2,6;1.0
Buiksloterdijk Oost;Amsterdam;BU03636401;125;15;10;20;40;35;2,3;817.0;4.0;92.0;8.0;;54,7;48;50,1;13,6;54,6;2,4;2,6;1.0
Nieuwendammerdijk West;Amsterdam;BU03636402;1025;230;100;195;350;155;2,6;634.0;6.0;92.0;8.0;560.0;53,7;39,5;47,8;13,1;52,8;2,8;2,3;1.0
Nieuwendammerdijk Oost;Amsterdam;BU03636403;350;85;45;70;100;50;2,7;656.0;5.0;93.0;7.0;160.0;56,7;40,6;47,8;19,5;53,1;2,3;4,7;2.0
Nieuwendammerdijk Zuid;Amsterdam;BU03636404;5;0;5;0;5;0;3,5;;;;;;54,7;40,7;50,1;13,6;54,6;2,4;2,6;2.0
Tuindorp Oostzaan;Amsterdam;WK036365;11955;2215;1135;3465;3190;1965;2,1;321.0;3.0;31.0;69.0;2980.0;30,6;24,1;27,5;51,3;15,1;11,3;22,5;2.0
Tuindorp Oostzaan West;Amsterdam;BU03636500;1135;155;85;225;295;375;1,9;283.0;4.0;22.0;78.0;150.0;28,6;23,7;27;54,6;12,1;9,9;24,1;3.0
Tuindorp Oostzaan Oost;Amsterdam;BU03636501;4190;710;385;1125;1195;775;2,1;290.0;3.0;31.0;69.0;820.0;28,3;22,7;26,5;52,4;11,6;10,3;21,7;1.0
Terrasdorp;Amsterdam;BU03636502;4090;550;390;1230;1175;750;1,8;289.0;3.0;23.0;77.0;880.0;28,3;23,6;25,2;60,8;9,4;14,7;28,1;1.0
De Bongerd;Amsterdam;BU03636503;2540;805;275;880;520;65;3;524.0;1.0;65.0;35.0;1000.0;40,5;27,2;36,1;21,5;40;5,8;8,8;1.0
Oostzanerwerf;Amsterdam;WK036366;8885;1505;1130;2265;2630;1350;2,2;329.0;2.0;46.0;54.0;1690.0;31;24,9;29,4;44,7;17,3;9,7;17,8;2.0
Oostzanerdijk;Amsterdam;BU03636601;405;60;35;95;150;60;2,3;429.0;10.0;71.0;29.0;150.0;38,5;30,8;34,1;33,7;30,9;10,1;14,2;2.0
Walvisbuurt;Amsterdam;BU03636602;1400;220;195;350;470;160;2,4;390.0;2.0;70.0;30.0;290.0;34,5;28,1;33,7;28,2;23,4;2,8;7;2.0
Twiske West;Amsterdam;BU03636603;2465;400;345;510;870;335;2,5;418.0;2.0;66.0;34.0;660.0;35,9;29,2;35,5;27,5;32,2;5,6;9,1;2.0
Noorder IJplas;Amsterdam;BU03636604;140;15;10;15;65;35;2,1;;;;;50.0;36,8;31,4;29,4;44,7;17,3;9,7;17,8;5.0
Molenwijk;Amsterdam;BU03636605;3140;635;405;840;655;605;2;247.0;2.0;15.0;85.0;400.0;23;17,8;22,6;66,5;4,3;16,7;30,9;2.0
Circus/Kermisbuurt;Amsterdam;BU03636606;1340;175;125;455;425;155;2;304.0;2.0;59.0;41.0;190.0;32,9;27,8;30,3;39,6;15,2;7,1;12,9;2.0
Kadoelen;Amsterdam;WK036367;3485;745;345;850;1000;540;2,5;468.0;3.0;65.0;35.0;1040.0;39,6;30,1;36,5;29,3;32,6;5,5;9,8;2.0
Kadoelen;Amsterdam;BU03636700;2370;560;220;610;655;320;2,5;523.0;4.0;71.0;29.0;850.0;43,6;32,2;39;26,4;38,2;4,9;8,3;2.0
Twiske Oost;Amsterdam;BU03636701;1115;190;125;240;345;220;2,4;358.0;1.0;54.0;46.0;190.0;31,9;25,7;31,3;35,2;21,5;6,5;12,6;2.0
Waterlandpleinbuurt;Amsterdam;WK036368;13190;2820;1775;4000;3040;1565;2,2;303.0;5.0;30.0;70.0;2860.0;27,7;20,8;26,1;50,8;11;13,6;21,8;1.0
Baanakkerspark Noord;Amsterdam;BU03636800;595;55;70;185;135;155;1,7;250.0;8.0;46.0;54.0;200.0;30,8;27;28,6;42,5;7,3;6,5;8;1.0
Baanakkerspark Zuid;Amsterdam;BU03636801;450;35;35;120;110;150;1,7;321.0;11.0;71.0;29.0;150.0;35,4;31;32,2;35,6;13,8;5,7;9,1;1.0
Werengouw Midden;Amsterdam;BU03636802;4960;870;605;1600;1210;680;1,9;273.0;3.0;27.0;73.0;1200.0;27,3;21,3;24,8;57,9;7,1;14,4;25,1;1.0
Markengouw Midden;Amsterdam;BU03636803;3450;890;550;1075;720;220;2,7;342.0;8.0;19.0;81.0;620.0;26,3;18,7;25,7;45,4;13,7;13,3;20;2.0
Markengouw Zuid;Amsterdam;BU03636804;2125;595;280;660;445;150;2,6;303.0;7.0;25.0;74.0;280.0;26,7;18,2;25,5;50;13,3;16;22,5;2.0
Werengouw Zuid;Amsterdam;BU03636805;1605;375;230;365;420;210;2,6;365.0;3.0;40.0;60.0;410.0;29,9;21,5;28,8;45;19,4;15,1;24,1;2.0
Buikslotermeer;Amsterdam;WK036369;11160;1570;1650;3100;2415;2420;1,8;297.0;5.0;30.0;70.0;2750.0;26,9;22;24,8;59,2;7,2;13,2;24,6;1.0
Rode Kruisbuurt;Amsterdam;BU03636900;240;20;25;40;65;85;2,2;535.0;4.0;93.0;7.0;100.0;44,2;36,8;24,8;59,2;7,2;13,2;24,6;1.0
Loenermark;Amsterdam;BU03636902;1580;165;185;495;330;405;1,6;262.0;4.0;33.0;67.0;270.0;29,5;24,8;25,8;60,7;6,9;10,8;22,4;1.0
Buikslotermeerplein;Amsterdam;BU03636909;980;65;70;280;190;380;1,5;321.0;5.0;23.0;77.0;180.0;29,6;26,4;25,8;63,1;6,8;8,6;26,4;1.0
Plan van Gool;Amsterdam;BU03636910;3115;545;465;980;715;415;2;298.0;2.0;28.0;72.0;940.0;26,1;20,6;25,3;55,2;7,1;16,8;26,7;1.0
De Kleine Wereld;Amsterdam;BU03636911;2745;545;410;625;675;490;2,2;270.0;2.0;11.0;89.0;630.0;22,2;17,1;22,8;60,6;4,9;18,1;31,6;1.0
Buikslotermeer Noord;Amsterdam;BU03636912;2495;225;505;680;440;645;1,5;318.0;10.0;47.0;53.0;610.0;28,4;24,7;24;62,1;7,4;8,6;17,6;2.0
Banne Buiksloot;Amsterdam;WK036370;14780;2790;1885;4220;3575;2310;2,2;312.0;2.0;30.0;70.0;3150.0;27,9;21,6;26,2;54,2;11,6;14,1;24,3;1.0
Banne Zuidwest;Amsterdam;BU03637000;3775;775;530;970;865;630;2,3;308.0;3.0;26.0;74.0;930.0;25,8;19,3;25;56,2;10,6;14,7;26,1;1.0
Banne Zuidoost;Amsterdam;BU03637001;4060;720;370;1325;990;665;2;321.0;2.0;33.0;67.0;1040.0;32,5;25,7;27,9;53,3;13,7;13,3;23,1;1.0
Banne Noordwest;Amsterdam;BU03637002;2625;485;385;755;640;365;2,1;280.0;2.0;21.0;79.0;320.0;23,9;18,6;23;62,1;6,5;16,2;27,8;2.0
Banne Noordoost;Amsterdam;BU03637003;3630;685;520;955;905;565;2,3;301.0;2.0;31.0;69.0;480.0;25,3;19,5;25,7;51,5;10,3;14;24;2.0
Buiksloterbreek;Amsterdam;BU03637004;325;50;30;80;105;65;2,4;573.0;3.0;95.0;5.0;180.0;45,6;36,7;41,8;17,5;42,3;2,3;3;1.0
Marjoleinterrein;Amsterdam;BU03637005;360;75;55;135;70;25;2,2;382.0;2.0;52.0;48.0;140.0;33,7;26,1;30,5;41,3;21,9;13,4;16,6;1.0
Noordelijke IJ-oevers West;Amsterdam;WK036371;4760;585;775;2400;730;270;1,6;311.0;24.0;17.0;83.0;2910.0;44,7;37,7;34,7;46,8;22,6;6,4;8,9;2.0
Papaverweg e.o.;Amsterdam;BU03637102;1120;270;85;450;270;45;2,3;519.0;14.0;79.0;21.0;690.0;51,2;37,7;49,4;24,7;39,3;4,4;5,1;2.0
Cornelis Douwesterrein;Amsterdam;BU03637104;0;0;0;0;0;0;1;;;;;;44,7;37,7;34,7;46,8;22,6;6,4;8,9;2.0
NDSM terrein;Amsterdam;BU03637105;1815;40;610;1115;45;0;1,2;167.0;30.0;0.0;100.0;1170.0;31,5;29,8;23,2;67;5,5;6,5;9,9;2.0
Buiksloterham;Amsterdam;BU03637106;370;110;20;160;70;10;2,3;356.0;44.0;33.0;67.0;300.0;44,3;30,2;33,4;38,1;31,3;10,1;12,8;2.0
Overhoeks;Amsterdam;BU03637107;1455;170;60;680;340;215;1,8;560.0;8.0;23.0;77.0;770.0;57;48,5;44,6;29,4;38,3;6,8;9,5;1.0
Noordelijke IJ-oevers Oost;Amsterdam;WK036372;300;20;45;175;45;15;1,4;274.0;26.0;12.0;88.0;120.0;34,9;30,6;25,9;58,4;5,8;9,2;9,2;2.0
Bedrijventerrein Hamerstraat;Amsterdam;BU03637200;270;10;45;160;35;15;1,4;269.0;27.0;9.0;91.0;;35,7;31,6;26,4;57,8;5,8;6,5;6,5;1.0
Zamenhofstraat e.o.;Amsterdam;BU03637201;5;0;0;5;0;0;1,1;;;;;;34,9;30,6;25,9;58,4;5,8;9,2;9,2;2.0
Bedrijventerrein Nieuwendammerdijk;Amsterdam;BU03637202;25;5;0;5;5;0;2,1;;;;;;34,9;30,6;25,9;58,4;5,8;9,2;9,2;2.0
Waterland;Amsterdam;WK036373;2380;440;240;430;795;470;2,4;704.0;7.0;81.0;19.0;890.0;45,3;35,6;45,7;26,1;39;5,9;9;5.0
Schellingwoude West;Amsterdam;BU03637300;70;10;15;10;30;10;1,9;639.0;0.0;74.0;26.0;40.0;45,3;35,6;45,7;26,1;39;5,9;9;4.0
Schellingwoude Oost;Amsterdam;BU03637301;625;140;50;115;210;110;2,4;686.0;3.0;86.0;14.0;270.0;54,3;41,3;44,9;21,3;47,4;5,2;7,2;3.0
Schellingwoude Noord;Amsterdam;BU03637302;5;0;5;0;0;0;3;;;;;;45,3;35,6;45,7;26,1;39;5,9;9;5.0
Durgerdam;Amsterdam;BU03637303;510;105;55;85;175;90;2,5;736.0;8.0;86.0;14.0;210.0;49,1;37;62,5;22,8;43,1;3,5;5,6;5.0
Zwarte Gouw;Amsterdam;BU03637304;25;0;5;5;10;5;3;;;;;;45,3;35,6;45,7;26,1;39;5,9;9;5.0
Ransdorp;Amsterdam;BU03637305;310;55;35;50;100;75;2,3;753.0;10.0;88.0;12.0;120.0;41,9;34;47,2;20,2;38,8;2,4;3,1;5.0
Holysloot;Amsterdam;BU03637306;295;50;30;40;105;60;2,6;710.0;9.0;90.0;10.0;90.0;39,6;31,2;43,6;22,8;41,2;3,6;7,3;5.0
Zunderdorp;Amsterdam;BU03637307;480;80;50;100;140;115;2,4;703.0;7.0;70.0;30.0;140.0;40,6;32,5;38,8;25,3;31,4;4,2;9,9;5.0
Noorderstrook West;Amsterdam;BU03637308;50;0;0;20;25;5;1,2;;;;;;45,3;35,6;45,7;26,1;39;5,9;9;4.0
Noorderstrook Oost;Amsterdam;BU03637309;10;0;0;5;0;0;1,1;;;;;;45,3;35,6;45,7;26,1;39;5,9;9;2.0
Elzenhagen;Amsterdam;WK036374;3455;755;525;1265;690;230;2,1;353.0;5.0;40.0;60.0;1350.0;39,9;30;30,4;49,8;26,8;15,5;20,3;1.0
Nintemanterrein;Amsterdam;BU03637400;120;35;5;25;30;20;3;647.0;0.0;100.0;0.0;50.0;39,9;40,1;30,4;49,8;26,8;15,5;20,3;1.0
Elzenhagen Zuid;Amsterdam;BU03637401;820;35;280;410;75;25;1,2;125.0;1.0;0.0;100.0;200.0;25,4;24;19,9;87,5;2,8;32,9;41,9;1.0
Elzenhagen Noord;Amsterdam;BU03637402;2510;680;245;835;575;175;2,7;503.0;7.0;65.0;35.0;1090.0;45,5;31,5;37,6;22,9;43,8;4,8;7,1;2.0
Chassbuurt;Amsterdam;WK036375;6160;910;750;2495;1460;545;1,9;420.0;5.0;27.0;73.0;2670.0;36,8;30;30,7;50,6;17,5;13,1;20,8;1.0
Kortenaerkwartier;Amsterdam;BU03637500;2220;300;305;845;560;205;1,9;446.0;6.0;28.0;71.0;1000.0;36,6;30,2;31;49,2;18,7;12,1;19,6;1.0
Filips van Almondekwartier;Amsterdam;BU03637501;1105;135;125;530;230;80;1,6;422.0;4.0;35.0;65.0;570.0;43,9;37,1;33,3;50;20,2;11,4;18,9;1.0
De Wester Quartier;Amsterdam;BU03637502;1810;290;215;740;420;150;2;408.0;4.0;23.0;77.0;690.0;34,5;27,7;29,6;53,3;15,1;15;22,2;1.0
Van Brakelkwartier;Amsterdam;BU03637503;1025;185;105;380;250;105;2,1;383.0;2.0;18.0;82.0;430.0;33,2;26;28,7;49,9;15,3;14,1;23,6;1.0
Slotermeer-Noordoost;Amsterdam;WK036376;9480;1905;1240;3210;2195;935;2,1;254.0;5.0;25.0;75.0;1990.0;26,4;20;24,1;59;8,6;18,2;27,9;1.0
Buurt 3;Amsterdam;BU03637600;6405;1340;790;2120;1480;675;2,1;258.0;4.0;26.0;74.0;1300.0;27,1;20,2;24,2;58,9;9,4;18,5;28,2;1.0
Buurt 2;Amsterdam;BU03637601;3075;565;450;1085;715;260;2,1;245.0;6.0;24.0;76.0;690.0;25,2;19,3;24;59,3;6,9;17,7;27,3;1.0
Slotermeer-Zuidwest;Amsterdam;WK036377;18025;3390;2430;6135;4000;2070;2,1;251.0;4.0;21.0;79.0;3510.0;26,8;20,6;24,4;59,7;9,3;17,3;27,9;1.0
Slotermeer Zuid;Amsterdam;BU03637700;3415;560;350;1295;740;480;1,7;208.0;3.0;10.0;90.0;670.0;24,8;19,8;21,8;72,3;4,1;21,7;35,4;1.0
Noordoever Sloterplas;Amsterdam;BU03637701;3340;560;465;1160;795;360;1,9;310.0;5.0;37.0;62.0;1000.0;34,5;27,3;29,1;49,1;15,8;11,1;18,1;1.0
Buurt 4 Oost;Amsterdam;BU03637702;3610;610;505;1215;815;465;2;272.0;4.0;36.0;64.0;670.0;27,6;21,7;25,6;54,7;10,3;13;21,6;1.0
Buurt 5 Noord;Amsterdam;BU03637703;3680;805;555;1160;835;325;2,5;221.0;4.0;7.0;93.0;350.0;22,1;16,2;21,9;61;7,1;21,8;33,8;1.0
Sloterpark;Amsterdam;BU03637704;75;10;25;40;0;0;1,7;374.0;9.0;9.0;91.0;;26,8;20,6;24,4;59,7;9,3;17,3;27,9;1.0
Buurt 5 Zuid;Amsterdam;BU03637705;3905;850;530;1270;820;430;2,2;248.0;4.0;16.0;84.0;780.0;25,3;18,6;23,6;60,1;9,4;18,7;30,2;1.0
Geuzenveld;Amsterdam;WK036378;16535;3655;2205;5495;3475;1695;2,3;292.0;4.0;25.0;75.0;2520.0;26,8;19,6;24,8;53,9;11,4;15,6;26;1.0
Buurt 6;Amsterdam;BU03637800;3060;650;445;965;685;320;2,3;246.0;4.0;6.0;94.0;360.0;23,4;17,4;22,6;61,8;6,7;19,6;32,8;1.0
Buurt 7;Amsterdam;BU03637801;2825;705;360;870;535;360;2,6;349.0;3.0;46.0;54.0;460.0;29,7;21,2;27,7;44,7;19,5;8,7;17,4;1.0
Buurt 8;Amsterdam;BU03637802;4250;910;555;1600;815;360;2,2;288.0;5.0;31.0;69.0;730.0;27,3;20,2;25,4;50,9;10,1;15,5;25;1.0
Buurt 9;Amsterdam;BU03637803;6090;1355;820;1925;1350;635;2,3;302.0;3.0;20.0;80.0;810.0;26,6;19,3;24,3;55,8;11,6;15,8;26,8;1.0
Eendrachtspark;Amsterdam;BU03637804;310;40;30;130;95;20;1,7;225.0;5.0;48.0;52.0;120.0;30;24,6;25,6;54,2;8,9;25,5;28,1;2.0
Eendracht;Amsterdam;WK036379;2450;430;270;650;700;405;2,4;365.0;2.0;51.0;49.0;490.0;32,8;25,7;31;35,9;20,3;5,8;10,9;2.0
Osdorper Binnenpolder;Amsterdam;BU03637900;30;5;5;5;10;5;2,3;;;;;;32,8;25,7;31;35,9;20,3;5,8;10,9;4.0
Buurt 10;Amsterdam;BU03637901;2420;430;265;645;685;390;2,4;363.0;2.0;51.0;49.0;;32,8;25,7;31;35,7;20,3;5,9;11;2.0
Lutkemeer/Ookmeer;Amsterdam;WK036380;1215;175;165;365;330;180;2,2;597.0;8.0;67.0;32.0;270.0;36,6;29,9;36,4;39,1;27,5;8,9;15,3;3.0
Ookmeer;Amsterdam;BU03638000;335;55;50;175;50;5;3;;;;;;36,6;29,9;36,4;39,1;27,5;8,9;15,3;1.0
Osdorper Bovenpolder;Amsterdam;BU03638001;810;115;95;180;260;160;2,2;580.0;9.0;68.0;32.0;170.0;36,4;29,5;37;37,8;28;8,4;15,3;3.0
Bedrijvenpark Lutkemeer;Amsterdam;BU03638002;70;10;20;5;25;10;1,8;811.0;8.0;67.0;33.0;;36,6;29,9;36,4;39,1;27,5;8,9;15,3;4.0
Osdorp-Oost;Amsterdam;WK036381;16680;2720;2080;5000;3755;3130;1,9;283.0;4.0;27.0;73.0;3930.0;29,3;23,3;26;58,7;10,7;14,1;25,5;1.0
Wildeman;Amsterdam;BU03638100;4990;910;575;1415;1110;980;1,9;222.0;4.0;11.0;89.0;550.0;23;17,8;21,8;70,8;4,3;20,8;36,5;1.0
Meer en Oever;Amsterdam;BU03638101;3155;455;300;1060;760;585;1,9;353.0;5.0;44.0;56.0;1070.0;37,7;30,4;32,1;43,4;17,7;7,9;14;1.0
Osdorpplein e.o.;Amsterdam;BU03638102;3275;685;440;1075;640;430;2,2;298.0;4.0;29.0;71.0;1110.0;29,9;22,2;27,2;50;13,1;12,7;21,9;1.0
Calandlaan/Lelylaan;Amsterdam;BU03638103;1245;180;105;330;390;245;1,8;278.0;2.0;25.0;75.0;230.0;30,4;25;26,2;61,6;11,2;16,9;27,8;1.0
Osdorp Zuidoost;Amsterdam;BU03638104;4010;490;655;1120;850;895;1,7;294.0;4.0;35.0;65.0;1040.0;29,7;24,9;25,6;60,6;11,3;10,8;22,5;1.0
Osdorp-Midden;Amsterdam;WK036382;15710;3235;2115;5180;3375;1805;2,2;293.0;6.0;27.0;73.0;2730.0;29,3;21,9;26,3;52,6;13,2;14;24,2;1.0
Osdorp Midden Noord;Amsterdam;BU03638200;2825;545;395;735;610;540;2,2;215.0;14.0;8.0;92.0;270.0;23,5;17,6;22,8;63,8;7,4;18,9;31,1;1.0
Osdorp Midden Zuid;Amsterdam;BU03638201;3485;880;365;1195;655;380;2,3;281.0;3.0;22.0;78.0;480.0;28,8;20,4;25,5;55,7;10,6;16,5;30,3;1.0
Zuidwestkwadrant Osdorp Noord;Amsterdam;BU03638202;3190;630;475;1045;620;425;2,2;307.0;5.0;25.0;75.0;580.0;26,5;20;24,4;55,7;10,8;13,9;26,5;1.0
Zuidwestkwadrant Osdorp Zuid;Amsterdam;BU03638203;6210;1180;880;2205;1495;460;2,2;336.0;4.0;42.0;58.0;1440.0;33,4;25,7;29,1;44,7;18,2;10,5;16,7;1.0
De Punt;Amsterdam;WK036383;6225;1140;875;2075;1335;805;2,1;251.0;4.0;32.0;68.0;1040.0;27,6;21,2;25,4;52,6;10,2;10,9;19,4;1.0
De Punt;Amsterdam;BU03638300;6105;1140;875;2040;1260;795;2,1;252.0;4.0;32.0;68.0;1030.0;27,6;21,2;25,4;52,5;10,2;10,9;19,4;1.0
Bedrijvencentrum Osdorp;Amsterdam;BU03638301;120;0;0;35;75;5;1;;9.0;2.0;98.0;;27,6;21,2;25,4;52,6;10,2;10,9;19,4;1.0
Middelveldsche Akerpolder;Amsterdam;WK036384;14470;2490;2080;3470;4555;1870;2,4;410.0;2.0;55.0;44.0;3540.0;37,3;29,3;34,3;34,6;28,9;6,3;11;1.0
Middelveldsche Akerpolder;Amsterdam;BU03638400;3970;800;390;1120;995;665;2,3;355.0;1.0;23.0;77.0;680.0;32,4;24,7;28,9;44,6;17,2;7,7;13,7;1.0
De Aker West;Amsterdam;BU03638401;4570;705;670;1060;1545;595;2,4;403.0;2.0;66.0;34.0;1290.0;38,9;31,2;35,2;32,5;31,2;6;10,7;1.0
De Aker Oost;Amsterdam;BU03638402;5925;985;1030;1295;2015;605;2,6;458.0;2.0;71.0;29.0;1570.0;39,1;30,9;37,5;28,7;35,8;5,6;9;1.0
Slotervaart Noord;Amsterdam;WK036385;8140;1495;1035;2305;2040;1260;2,1;347.0;3.0;33.0;67.0;2220.0;31,8;24,4;28,1;52,8;15;13,7;23,2;1.0
Oostoever Sloterplas;Amsterdam;BU03638500;2510;345;295;515;780;570;2,1;438.0;1.0;64.0;36.0;810.0;39,2;32,3;34,5;40,7;28,1;5,6;14,5;1.0
Emanuel van Meterenbuurt;Amsterdam;BU03638501;2275;435;250;640;535;400;2;356.0;3.0;37.0;63.0;750.0;33,8;25,3;29;50,8;15,3;13,8;21,3;1.0
Jacob Geelbuurt;Amsterdam;BU03638502;3360;715;490;1140;720;295;2,1;274.0;5.0;6.0;94.0;720.0;24,2;17,8;22,5;63,4;4,8;19,9;31,2;1.0
Overtoomse Veld;Amsterdam;WK036386;14145;2165;2610;5955;2330;1085;1,9;320.0;4.0;20.0;80.0;4440.0;33,1;26,4;28,5;50,3;14,8;10,5;17,3;1.0
Overtoomse Veld Noord;Amsterdam;BU03638600;6175;1220;965;2240;1275;475;2,4;339.0;2.0;22.0;78.0;1420.0;30,1;22,7;28,2;45,7;17,9;13,7;23;1.0
Overtoomse Veld Zuid;Amsterdam;BU03638601;4325;650;560;2140;655;325;1,8;297.0;3.0;19.0;81.0;1550.0;33,9;27,7;28,9;53,3;11,8;8,9;14,5;1.0
Rembrandtpark Noord;Amsterdam;BU03638602;940;65;305;410;80;75;1,3;352.0;6.0;0.0;100.0;390.0;34,6;30,4;24,6;63,2;11,1;4,9;6,2;1.0
Rembrandtpark Zuid;Amsterdam;BU03638603;850;70;85;500;105;85;1,6;380.0;6.0;51.0;48.0;510.0;48,9;42,9;37,3;39,9;22,5;4,9;7,4;1.0
Johan Jongkindbuurt;Amsterdam;BU03638604;760;135;135;165;205;120;2,5;262.0;22.0;0.0;100.0;60.0;19,5;14,9;20,1;66,8;9,5;22,1;41,4;1.0
Lucas/Andreasziekenhuis e.o.;Amsterdam;BU03638605;1095;15;560;505;10;0;1,1;278.0;1.0;0.0;100.0;;42,6;39,9;28,9;44,4;12,4;2,2;1,9;1.0
Westlandgracht;Amsterdam;WK036387;11350;1270;2125;5560;1610;780;1,6;305.0;5.0;17.0;83.0;5650.0;38,9;33;29,3;57,3;13,8;11,5;17,3;1.0
Koningin Wilhelminaplein;Amsterdam;BU03638700;2795;235;300;1700;370;180;1,6;376.0;5.0;24.0;76.0;1940.0;49,5;43;36,4;36,6;21,4;3,4;4,1;1.0
Andreasterrein;Amsterdam;BU03638701;1295;275;125;455;300;135;2,3;672.0;3.0;48.0;52.0;580.0;58,2;43,6;45,9;31;41,1;7,5;12,1;1.0
Delflandpleinbuurt Oost;Amsterdam;BU03638702;1575;235;230;605;370;140;1,7;301.0;7.0;16.0;84.0;380.0;34,1;26,8;27,6;65,8;10,5;17,9;26,8;1.0
Delflandpleinbuurt West;Amsterdam;BU03638703;3945;495;765;1825;550;320;1,6;263.0;5.0;14.0;86.0;1550.0;32,2;27,4;25,9;63;8,9;13,6;22,2;1.0
Riekerhaven;Amsterdam;BU03638704;570;20;245;310;0;0;1,1;118.0;8.0;0.0;100.0;380.0;19,5;18,7;17,1;95,1;0,2;33,7;45,5;2.0
Schipluidenbuurt;Amsterdam;BU03638705;1175;15;460;675;20;5;1,2;197.0;4.0;7.0;93.0;770.0;31,6;29,6;22,5;70,3;5,2;7,1;9,5;1.0
Sloter-/Riekerpolder;Amsterdam;WK036388;14035;2025;1730;3510;4545;2225;2,2;409.0;3.0;53.0;47.0;4890.0;39,6;32,2;35,9;31,8;28,3;5,3;8,9;1.0
Riekerpolder;Amsterdam;BU03638800;65;10;5;45;10;0;1,4;;;;;;39,6;32,2;35,9;31,8;28,3;5,3;8,9;3.0
Park Haagseweg;Amsterdam;BU03638801;990;135;100;220;345;185;2,2;472.0;2.0;92.0;8.0;460.0;53,4;43,8;46,9;13,7;41,9;1,9;2,1;2.0
Nieuwe Meer;Amsterdam;BU03638802;165;15;20;30;80;10;1,7;;;;;;23,2;19,1;35,9;31,8;28,3;5,3;8,9;5.0
Sloterweg e.o.;Amsterdam;BU03638803;265;50;30;65;70;60;2,3;823.0;6.0;82.0;18.0;130.0;52,5;40,4;46,9;24,8;46,9;4,8;7,7;3.0
Nieuw Sloten Noordwest;Amsterdam;BU03638804;3110;505;385;765;1010;450;2,4;388.0;2.0;51.0;49.0;960.0;37,1;29,5;34,5;30,8;28,6;4,5;10,1;1.0
Nieuw Sloten Noordoost;Amsterdam;BU03638805;3165;440;330;805;960;635;2,2;402.0;2.0;36.0;64.0;940.0;36,3;29,8;33,1;35,9;24,2;5,6;9,1;1.0
Belgiplein e.o.;Amsterdam;BU03638806;1085;80;85;300;305;310;1,7;334.0;4.0;44.0;55.0;380.0;34,4;30,6;30,3;50,7;13,4;8,4;19,6;2.0
Nieuw Sloten Zuidwest;Amsterdam;BU03638807;2295;325;370;470;910;220;2,6;429.0;1.0;95.0;5.0;1030.0;42,8;34,8;41;15,4;44,4;2,1;2,6;2.0
Nieuw Sloten Zuidoost;Amsterdam;BU03638808;2175;375;305;690;585;225;2,2;404.0;3.0;19.0;81.0;590.0;38,3;29,7;34,3;34,5;22,7;4,7;5,9;2.0
Dorp Sloten;Amsterdam;BU03638809;710;90;90;130;275;135;2,1;412.0;9.0;75.0;25.0;260.0;45,9;37,6;40,8;30,5;31,4;4,4;6,6;2.0
Slotervaart Zuid;Amsterdam;WK036389;10810;1785;1930;3635;2005;1455;1,9;312.0;6.0;19.0;81.0;2740.0;29;22,9;24,6;61,2;10,4;13,1;22,4;1.0
Louis Chrispijnbuurt;Amsterdam;BU03638900;3260;505;490;960;695;610;1,9;306.0;8.0;21.0;79.0;680.0;27,1;21,8;24,3;62;8,6;11,7;21,3;1.0
Jacques Veltmanbuurt;Amsterdam;BU03638901;3630;575;615;1370;630;440;1,8;277.0;3.0;22.0;78.0;1230.0;31,6;25,2;26,3;57,1;11,4;10,5;18,9;1.0
Staalmanbuurt;Amsterdam;BU03638902;3105;660;465;1015;625;345;2,3;375.0;8.0;16.0;84.0;680.0;31,3;23,2;27,7;52,3;16;14,7;25,8;1.0
Medisch Centrum Slotervaart;Amsterdam;BU03638903;820;45;360;295;50;60;1,2;282.0;2.0;0.0;100.0;;17,6;15,8;13,6;91,2;0,3;28,7;33,9;2.0
Buitenveldert-West;Amsterdam;WK036390;13615;1735;1425;4520;2805;3135;1,7;463.0;7.0;39.0;60.0;5510.0;47,2;38,4;38,1;45;21,6;6,9;14;1.0
Gelderlandpleinbuurt;Amsterdam;BU03639000;4610;490;480;1685;835;1115;1,7;418.0;6.0;33.0;66.0;1820.0;45,8;38,4;35,6;44,9;20;6,7;13,5;1.0
Buitenveldert Midden Zuid;Amsterdam;BU03639002;3805;570;475;1490;760;515;1,8;424.0;9.0;46.0;54.0;1610.0;43,7;34,6;34,7;41;19,6;6,3;10,7;1.0
Buitenveldert Zuidwest;Amsterdam;BU03639003;4105;545;340;1115;930;1175;1,7;472.0;7.0;38.0;62.0;1760.0;48,5;39;37;50,7;22,1;8,3;18,5;1.0
Amsterdamse Bos;Amsterdam;BU03639004;70;5;10;15;20;20;2;612.0;57.0;52.0;48.0;;47,2;38,4;38,1;45;21,6;6,9;14;4.0
Buitenveldert West Midden;Amsterdam;BU03639008;1005;125;110;190;255;315;1,9;805.0;7.0;51.0;49.0;400.0;61,2;49,1;68,4;37,8;35,1;4,7;10,1;1.0
Zuiderhof;Amsterdam;BU03639009;30;0;5;15;5;0;1,2;;;;;;47,2;38,4;38,1;45;21,6;6,9;14;2.0
Buitenveldert-Oost;Amsterdam;WK036391;8100;950;740;2645;1580;2180;1,7;425.0;6.0;31.0;68.0;2950.0;43,5;35,6;34,8;48,1;17,6;8,8;14,6;1.0
De Klenckebuurt;Amsterdam;BU03639100;795;80;30;255;135;295;1,7;510.0;7.0;35.0;64.0;;54,4;44,8;40,3;31,9;24,9;5,3;8,2;1.0
Buitenveldert Oost Midden;Amsterdam;BU03639101;3290;395;260;1060;660;920;1,7;382.0;5.0;23.0;76.0;1140.0;38,5;32,1;32,1;53,3;13,1;11,1;19,8;1.0
Buitenveldert Zuidoost;Amsterdam;BU03639102;4000;475;455;1330;785;960;1,7;446.0;6.0;38.0;62.0;1460.0;46,3;37,2;36,1;46,4;20,3;7,2;10,6;1.0
Amstelpark;Amsterdam;BU03639103;10;0;5;5;5;0;3;;;;;;43,5;35,6;34,8;48,1;17,6;8,8;14,6;2.0
Amstel III/Bullewijk;Amsterdam;WK036392;745;15;370;285;60;10;1,1;118.0;3.0;2.0;98.0;520.0;;;;87,9;3,2;16,4;20,7;3.0
Hoofdcentrum Zuidoost;Amsterdam;BU03639200;20;0;0;15;0;0;1,1;;;;;;;;;87,9;3,2;16,4;20,7;2.0
Amstel III deel A/B Noord;Amsterdam;BU03639201;75;0;10;45;10;0;1,2;;;;;;;;;87,9;3,2;16,4;20,7;2.0
Amstel III deel C/D Noord;Amsterdam;BU03639202;25;0;0;20;5;0;1,2;;;;;;;;;87,9;3,2;16,4;20,7;4.0
Amstel III deel A/B Zuid;Amsterdam;BU03639203;450;5;295;140;15;0;1,1;101.0;3.0;0.0;100.0;;17,3;16,2;14,6;94,7;0,7;15,3;21,2;2.0
Amstel III deel C/D Zuid;Amsterdam;BU03639204;5;0;0;5;0;5;1,3;;;;;;;;;87,9;3,2;16,4;20,7;5.0
AMC;Amsterdam;BU03639205;35;0;0;15;20;0;1;;;;;;;;;87,9;3,2;16,4;20,7;3.0
Hoge Dijk;Amsterdam;BU03639206;140;10;60;50;15;10;1,2;;;;;40.0;;;;87,9;3,2;16,4;20,7;5.0
Bijlmer Centrum (D,F,H);Amsterdam;WK036393;24935;3820;4940;8115;6085;1975;1,7;197.0;4.0;18.0;81.0;5540.0;25,4;20,5;22,1;69,1;5,8;18,3;28,5;1.0
Venserpolder West;Amsterdam;BU03639300;5210;755;580;1770;1460;640;1,7;206.0;5.0;22.0;77.0;1440.0;26,7;22;23,5;66,6;4,4;18,8;30,6;1.0
Venserpolder Oost;Amsterdam;BU03639301;3460;500;420;1290;970;280;1,7;229.0;2.0;34.0;66.0;770.0;27,1;22,2;23,8;65,3;5,3;17,7;26,4;1.0
D-buurt;Amsterdam;BU03639302;1950;130;1140;530;120;35;1,2;48.0;5.0;1.0;99.0;420.0;15,6;13,4;13;93,7;0,5;19,9;29,6;1.0
F-buurt;Amsterdam;BU03639303;4470;785;840;1620;1005;215;2;245.0;4.0;29.0;71.0;1170.0;31,2;24,7;26,9;55,5;12;8,5;13,6;1.0
Amsterdamse Poort;Amsterdam;BU03639304;1395;165;270;395;400;170;1,4;207.0;4.0;0.0;100.0;180.0;23,3;19;20,3;81,1;1,8;25,3;43,3;1.0
Hoptille;Amsterdam;BU03639305;1925;270;645;630;325;65;1,5;167.0;7.0;6.0;79.0;450.0;19,8;15,8;17,6;79,7;2,4;23,7;35,6;2.0
Rechte H-buurt;Amsterdam;BU03639306;3070;580;510;820;890;280;1,9;222.0;4.0;18.0;82.0;430.0;22,7;17,8;21,7;68,2;5,2;22,4;34,2;1.0
Hakfort/Huigenbos;Amsterdam;BU03639307;2545;500;425;825;645;145;1,9;215.0;4.0;0.0;100.0;370.0;21,7;16,8;20,6;72,7;3,3;25;36,5;2.0
Huntum;Amsterdam;BU03639308;205;25;25;40;55;60;2,1;413.0;4.0;85.0;15.0;70.0;41;35,2;22,1;69,1;5,8;18,3;28,5;1.0
Vogeltjeswei;Amsterdam;BU03639309;710;115;90;190;220;100;2,4;331.0;1.0;59.0;41.0;150.0;31,1;25,2;29,6;42;24,6;10,6;19;1.0
Nelson Mandelapark;Amsterdam;BU03639310;0;0;0;0;0;0;;;;;;;25,4;20,5;22,1;69,1;5,8;18,3;28,5;1.0
Bijlmer Oost (E,G,K);Amsterdam;WK036394;29770;5005;4425;8760;7855;3725;1,9;252.0;3.0;32.0;68.0;5820.0;27,9;22,3;24,9;59,5;9,7;15,6;25,9;1.0
E-buurt;Amsterdam;BU03639400;2180;540;505;655;440;40;2,5;372.0;4.0;51.0;49.0;440.0;34,2;24,3;28,5;41,6;26,1;7,5;9,4;1.0
G-buurt West;Amsterdam;BU03639401;3710;490;535;1210;1080;395;1,9;310.0;3.0;38.0;62.0;760.0;30,5;25,5;27,5;49,9;13,7;10,6;16,5;1.0
Bijlmermuseum Noord;Amsterdam;BU03639402;2345;405;310;525;685;420;1,8;222.0;4.0;8.0;91.0;240.0;20,9;16,8;20,5;75,2;3;22,3;43;1.0
Kortvoort;Amsterdam;BU03639403;2625;370;300;725;725;505;1,6;194.0;2.0;12.0;88.0;330.0;23,4;19,5;20,9;74,9;2,2;21,6;37,2;1.0
Kelbergen;Amsterdam;BU03639404;1020;165;170;230;285;175;2,2;251.0;1.0;20.0;80.0;130.0;24,7;19,9;24,1;55;9,1;10,7;21,8;1.0
K-buurt Midden;Amsterdam;BU03639405;2400;460;385;830;585;150;1,8;178.0;3.0;0.0;100.0;420.0;24,9;19,4;21,9;70,9;3,6;20;31,3;1.0
K-buurt Zuidoost;Amsterdam;BU03639406;1405;360;200;550;260;45;2,4;367.0;2.0;42.0;58.0;300.0;33,6;23,9;28,4;39,9;20;10,8;13,8;2.0
K-buurt Zuidwest;Amsterdam;BU03639407;1445;300;260;395;390;105;2,4;306.0;3.0;56.0;44.0;190.0;28,6;21,9;27;44,7;17,3;11,5;21;1.0
Grunder/Koningshoef;Amsterdam;BU03639408;1745;350;255;560;470;105;2,2;317.0;3.0;51.0;49.0;390.0;30,7;23,9;28;41,9;14,7;8,8;14,7;1.0
G-buurt Oost;Amsterdam;BU03639409;3195;255;430;750;785;975;1,6;262.0;4.0;66.0;34.0;980.0;34,1;30,2;30,1;50,5;13,3;7,2;14,8;1.0
Kantershof;Amsterdam;BU03639410;2190;290;255;480;695;470;1,8;244.0;4.0;53.0;47.0;490.0;28,3;23,7;25,5;58,1;11,1;14,2;27,3;2.0
Gooise Kant;Amsterdam;BU03639411;585;155;60;280;85;5;2,4;389.0;6.0;73.0;27.0;220.0;38,3;27,4;33,3;23,1;24,4;3,2;4,1;1.0
G-buurt Noord;Amsterdam;BU03639412;1780;325;230;510;605;110;1,7;151.0;1.0;0.0;100.0;130.0;21;16,7;19,2;79,5;1,8;32,5;45,8;1.0
Bijlmermuseum Zuid;Amsterdam;BU03639413;3155;550;535;1050;780;235;1,8;233.0;5.0;25.0;75.0;730.0;23,9;18,9;22,3;68,4;3,9;19,4;29,6;1.0
Nellestein;Amsterdam;WK036395;3035;370;260;980;795;630;1,7;242.0;5.0;43.0;57.0;1100.0;34,8;29,7;29,9;47,8;9,4;7,8;13,4;2.0
L-buurt;Amsterdam;BU03639500;2980;365;250;975;770;620;1,6;238.0;4.0;42.0;58.0;1080.0;34,7;29,6;29,7;48,1;9;7,8;13,5;2.0
Gaasperpark;Amsterdam;BU03639501;20;0;5;0;10;0;2,1;;;;;;34,8;29,7;29,9;47,8;9,4;7,8;13,4;4.0
Gaasperplas;Amsterdam;BU03639502;35;0;10;10;15;10;2,1;472.0;14.0;81.0;19.0;;34,8;29,7;29,9;47,8;9,4;7,8;13,4;5.0
Holendrecht/Reigersbos;Amsterdam;WK036396;18385;3190;2365;4860;4905;3075;2;247.0;3.0;26.0;73.0;3020.0;26,6;21,3;24,9;57,3;8,5;14,4;26,3;1.0
Holendrecht West;Amsterdam;BU03639600;2940;655;460;635;690;505;2;215.0;3.0;0.0;100.0;180.0;20,6;15,7;20,2;73,2;2,5;22,5;43,7;2.0
Reigersbos Noord;Amsterdam;BU03639601;4320;900;635;1120;1160;505;2,1;235.0;3.0;13.0;87.0;390.0;23,6;18,2;22,8;62,2;5,9;18,6;33;1.0
Holendrecht Oost;Amsterdam;BU03639602;2535;365;260;600;630;685;2,2;312.0;1.0;56.0;44.0;680.0;31,1;25,8;30,6;35,4;16,9;5,7;11,1;1.0
Gaasperdam Noord;Amsterdam;BU03639603;2020;305;225;665;615;200;1,8;242.0;6.0;33.0;67.0;380.0;28,8;23,4;26;56,5;7,7;14,4;23,8;1.0
Gaasperdam Zuid;Amsterdam;BU03639604;1510;185;195;440;425;265;1,6;212.0;6.0;36.0;64.0;350.0;27,1;23;24,3;64,6;4,2;12,6;23,9;1.0
Reigersbos Midden;Amsterdam;BU03639605;2495;380;330;700;665;425;1,9;237.0;2.0;31.0;69.0;450.0;27,4;22,5;25,2;58,3;9,4;11,8;22,7;2.0
Reigersbos Zuid;Amsterdam;BU03639606;2570;410;270;690;715;485;2,1;289.0;3.0;37.0;63.0;600.0;31;25,3;28,3;44,1;14,9;10,5;16,7;2.0
Gein;Amsterdam;WK036397;11325;1725;1385;3050;3435;1720;2;254.0;5.0;40.0;60.0;2800.0;29,9;24,4;27,5;48,4;12,6;11,5;19,2;2.0
Gein Noordwest;Amsterdam;BU03639700;3000;485;420;870;830;400;1,7;214.0;8.0;21.0;79.0;430.0;25,9;20,9;23,4;64,6;5,1;17,2;31;2.0
Gein Zuidwest;Amsterdam;BU03639701;1685;310;225;565;470;115;1,9;218.0;1.0;24.0;76.0;530.0;25,9;20,4;23,6;63,1;5,1;17,7;27,4;1.0
Gein Noordoost;Amsterdam;BU03639702;3265;440;400;700;1120;600;2,3;318.0;2.0;96.0;4.0;920.0;35,6;29,5;35;20,6;28;2,3;3,3;2.0
Gein Zuidoost;Amsterdam;BU03639703;3375;495;340;915;1025;605;2;258.0;6.0;23.0;77.0;860.0;29,5;24,4;27,2;48;11,1;10,6;17;2.0
Driemond;Amsterdam;WK036398;1625;300;190;350;495;285;2,4;358.0;2.0;58.0;42.0;350.0;36,1;28,5;33,7;32;26,1;4,9;9,6;5.0
Dorp Driemond;Amsterdam;BU03639800;1490;265;175;320;455;280;2,3;335.0;2.0;55.0;45.0;310.0;35,5;28,4;33,3;32,8;24,3;5,2;9,8;5.0
Landelijk gebied Driemond;Amsterdam;BU03639801;135;40;20;30;40;10;3,2;739.0;5.0;98.0;2.0;50.0;36,1;29,6;33,7;32;26,1;4,9;9,6;4.0
